Title,Artist,Album,File_Path,Cover_Path,Lowest_Pitch,First_Quartile_Pitch,Medium_Pitch,Third_Quartile_Pitch,Highest_Pitch
"2049","PA PUN BAND","2049","./Music/2049/PA PUN BAND - 2049.mp3","./Music/2049/cover.jpg"
"SKYWALKER","PA PUN BAND","2049","./Music/2049/PA PUN BAND - SKYWALKER.mp3","./Music/2049/cover.jpg"
"To: 2049-2019","PA PUN BAND","2049","./Music/2049/PA PUN BAND - To- 2049-2019.mp3","./Music/2049/cover.jpg"
"後照鏡","PA PUN BAND","2049","./Music/2049/PA PUN BAND - 後照鏡.mp3","./Music/2049/cover.jpg"
"戀愛.Online","PA PUN BAND","2049","./Music/2049/PA PUN BAND - 戀愛.Online.mp3","./Music/2049/cover.jpg"
"我沒有用, 沒辦法給你想要的生活","PA PUN BAND","2049","./Music/2049/PA PUN BAND - 我沒有用, 沒辦法給你想要的生活.mp3","./Music/2049/cover.jpg"
"月旁月光","PA PUN BAND","2049","./Music/2049/PA PUN BAND - 月旁月光.mp3","./Music/2049/cover.jpg"
"當你在最需要的時候","PA PUN BAND","2049","./Music/2049/PA PUN BAND - 當你在最需要的時候.mp3","./Music/2049/cover.jpg"
"給時間多點時間","PA PUN BAND","2049","./Music/2049/PA PUN BAND - 給時間多點時間.mp3","./Music/2049/cover.jpg"
"之外","Eason Chan","C'mon in~","./Music/C'mon In~/Eason Chan - 之外.mp3","./Music/C'mon In~/cover.jpg"
"傅科擺","Eason Chan","C'mon in~","./Music/C'mon In~/Eason Chan - 傅科擺.mp3","./Music/C'mon In~/cover.jpg"
"右上角","Eason Chan","C'mon in~","./Music/C'mon In~/Eason Chan - 右上角.mp3","./Music/C'mon In~/cover.jpg"
"床上的黑洞","Eason Chan","C'mon in~","./Music/C'mon In~/Eason Chan - 床上的黑洞.mp3","./Music/C'mon In~/cover.jpg"
"披風","Eason Chan","C'mon in~","./Music/C'mon In~/Eason Chan - 披風.mp3","./Music/C'mon In~/cover.jpg"
"收心操","Eason Chan","C'mon in~","./Music/C'mon In~/Eason Chan - 收心操.mp3","./Music/C'mon In~/cover.jpg"
"放","Eason Chan","C'mon in~","./Music/C'mon In~/Eason Chan - 放.mp3","./Music/C'mon In~/cover.jpg"
"海膽","Eason Chan","C'mon in~","./Music/C'mon In~/Eason Chan - 海膽.mp3","./Music/C'mon In~/cover.jpg"
"誰來剪月光","Eason Chan","C'mon in~","./Music/C'mon In~/Eason Chan - 誰來剪月光.mp3","./Music/C'mon In~/cover.jpg"
"零下幾分鐘","Eason Chan","C'mon in~","./Music/C'mon In~/Eason Chan - 零下幾分鐘.mp3","./Music/C'mon In~/cover.jpg"
"Folk Song for You","DSPS","Fully I","./Music/Fully I/DSPS - Folk Song for You.mp3","./Music/Fully I/cover.jpg"
"Fully I","DSPS","Fully I","./Music/Fully I/DSPS - Fully I.mp3","./Music/Fully I/cover.jpg"
"三月的街頭","DSPS","Fully I","./Music/Fully I/DSPS - 三月的街頭.mp3","./Music/Fully I/cover.jpg"
"土耳其藍的夢","DSPS","Fully I","./Music/Fully I/DSPS - 土耳其藍的夢.mp3","./Music/Fully I/cover.jpg"
"It's True","Tanya Chua","Goodbye & Hello","./Music/Goodbye & Hello/Tanya Chua - It's True.mp3","./Music/Goodbye & Hello/cover.jpg"
"化學實驗","Tanya Chua","Goodbye & Hello","./Music/Goodbye & Hello/Tanya Chua - 化學實驗.mp3","./Music/Goodbye & Hello/cover.jpg"
"如果你愛我","Tanya Chua","Goodbye & Hello","./Music/Goodbye & Hello/Tanya Chua - 如果你愛我.mp3","./Music/Goodbye & Hello/cover.jpg"
"晨間新聞","Tanya Chua","Goodbye & Hello","./Music/Goodbye & Hello/Tanya Chua - 晨間新聞.mp3","./Music/Goodbye & Hello/cover.jpg"
"當你離開的時候","Tanya Chua","Goodbye & Hello","./Music/Goodbye & Hello/Tanya Chua - 當你離開的時候.mp3","./Music/Goodbye & Hello/cover.jpg"
"空白格","Tanya Chua","Goodbye & Hello","./Music/Goodbye & Hello/Tanya Chua - 空白格.mp3","./Music/Goodbye & Hello/cover.jpg"
"越來越不懂","Tanya Chua","Goodbye & Hello","./Music/Goodbye & Hello/Tanya Chua - 越來越不懂.mp3","./Music/Goodbye & Hello/cover.jpg"
"達爾文","Tanya Chua","Goodbye & Hello","./Music/Goodbye & Hello/Tanya Chua - 達爾文.mp3","./Music/Goodbye & Hello/cover.jpg"
"4:00A.M.","Hormone Boys","Hormone Boys","./Music/Hormone Boys/Hormone Boys - 4-00A.M..mp3","./Music/Hormone Boys/cover.jpg"
"傾雨","Hormone Boys","Hormone Boys","./Music/Hormone Boys/Hormone Boys - 傾雨.mp3","./Music/Hormone Boys/cover.jpg"
"躁鬱症","Hormone Boys","Hormone Boys","./Music/Hormone Boys/Hormone Boys - 躁鬱症.mp3","./Music/Hormone Boys/cover.jpg"
"馬克白","Hormone Boys","Hormone Boys","./Music/Hormone Boys/Hormone Boys - 馬克白.mp3","./Music/Hormone Boys/cover.jpg"
"Always Online","JJ Lin","JJ陸","./Music/JJ陸/JJ Lin - Always Online.mp3","./Music/JJ陸/cover.jpg"
"Cries In A Distance","JJ Lin","JJ陸","./Music/JJ陸/JJ Lin - Cries In A Distance.mp3","./Music/JJ陸/cover.jpg"
"Sixology","JJ Lin","JJ陸","./Music/JJ陸/JJ Lin - Sixology.mp3","./Music/JJ陸/cover.jpg"
"不潮不用花錢","JJ Lin","JJ陸","./Music/JJ陸/JJ Lin - 不潮不用花錢.mp3","./Music/JJ陸/cover.jpg"
"愛與希望","JJ Lin","JJ陸","./Music/JJ陸/JJ Lin - 愛與希望.mp3","./Music/JJ陸/cover.jpg"
"我還想她","JJ Lin","JJ陸","./Music/JJ陸/JJ Lin - 我還想她.mp3","./Music/JJ陸/cover.jpg"
"街道","JJ Lin","JJ陸","./Music/JJ陸/JJ Lin - 街道.mp3","./Music/JJ陸/cover.jpg"
"黑武士","JJ Lin","JJ陸","./Music/JJ陸/JJ Lin - 黑武士.mp3","./Music/JJ陸/cover.jpg"
"點一把火炬","JJ Lin","JJ陸","./Music/JJ陸/JJ Lin - 點一把火炬.mp3","./Music/JJ陸/cover.jpg"
"小酒窩","JJ Lin/Charlene Choi","JJ陸","./Music/JJ陸/JJ Lin, Charlene Choi - 小酒窩.mp3","./Music/JJ陸/cover.jpg"
"由你選擇","JJ Lin/Fama","JJ陸","./Music/JJ陸/JJ Lin, Fama - 由你選擇.mp3","./Music/JJ陸/cover.jpg"
"期待你的愛","JJ Lin/金莎","JJ陸","./Music/JJ陸/JJ Lin, 金莎 - 期待你的愛.mp3","./Music/JJ陸/cover.jpg"
"Love Love Love","Jolin Tsai","J女神 影音典藏精选","./Music/J女神 影音典藏精選/Jolin Tsai - Love Love Love.mp3","./Music/J女神 影音典藏精選/cover.jpg"
"Oh! Oh!","Jolin Tsai","J女神 影音典藏精选","./Music/J女神 影音典藏精選/Jolin Tsai - Oh! Oh!.mp3","./Music/J女神 影音典藏精選/cover.jpg"
"Prove It","Jolin Tsai","J女神 影音典藏精选","./Music/J女神 影音典藏精選/Jolin Tsai - Prove It.mp3","./Music/J女神 影音典藏精選/cover.jpg"
"倒帶","Jolin Tsai","J女神 影音典藏精选","./Music/J女神 影音典藏精選/Jolin Tsai - 倒帶.mp3","./Music/J女神 影音典藏精選/cover.jpg"
"做一天的你","Jolin Tsai","J女神 影音典藏精选","./Music/J女神 影音典藏精選/Jolin Tsai - 做一天的你.mp3","./Music/J女神 影音典藏精選/cover.jpg"
"反覆記號","Jolin Tsai","J女神 影音典藏精选","./Music/J女神 影音典藏精選/Jolin Tsai - 反覆記號.mp3","./Music/J女神 影音典藏精選/cover.jpg"
"單身公害","Jolin Tsai","J女神 影音典藏精选","./Music/J女神 影音典藏精選/Jolin Tsai - 單身公害.mp3","./Music/J女神 影音典藏精選/cover.jpg"
"天空","Jolin Tsai","J女神 影音典藏精选","./Music/J女神 影音典藏精選/Jolin Tsai - 天空.mp3","./Music/J女神 影音典藏精選/cover.jpg"
"好想你","Jolin Tsai","J女神 影音典藏精选","./Music/J女神 影音典藏精選/Jolin Tsai - 好想你.mp3","./Music/J女神 影音典藏精選/cover.jpg"
"始作俑者","Jolin Tsai","J女神 影音典藏精选","./Music/J女神 影音典藏精選/Jolin Tsai - 始作俑者.mp3","./Music/J女神 影音典藏精選/cover.jpg"
"就是愛","Jolin Tsai","J女神 影音典藏精选","./Music/J女神 影音典藏精選/Jolin Tsai - 就是愛.mp3","./Music/J女神 影音典藏精選/cover.jpg"
"愛情36計","Jolin Tsai","J女神 影音典藏精选","./Music/J女神 影音典藏精選/Jolin Tsai - 愛情36計.mp3","./Music/J女神 影音典藏精選/cover.jpg"
"招牌動作","Jolin Tsai","J女神 影音典藏精选","./Music/J女神 影音典藏精選/Jolin Tsai - 招牌動作.mp3","./Music/J女神 影音典藏精選/cover.jpg"
"檸檬草的味道","Jolin Tsai","J女神 影音典藏精选","./Music/J女神 影音典藏精選/Jolin Tsai - 檸檬草的味道.mp3","./Music/J女神 影音典藏精選/cover.jpg"
"海盜","Jolin Tsai","J女神 影音典藏精选","./Music/J女神 影音典藏精選/Jolin Tsai - 海盜.mp3","./Music/J女神 影音典藏精選/cover.jpg"
"爆米花的味道","Jolin Tsai","J女神 影音典藏精选","./Music/J女神 影音典藏精選/Jolin Tsai - 爆米花的味道.mp3","./Music/J女神 影音典藏精選/cover.jpg"
"獨佔神話","Jolin Tsai","J女神 影音典藏精选","./Music/J女神 影音典藏精選/Jolin Tsai - 獨佔神話.mp3","./Music/J女神 影音典藏精選/cover.jpg"
"看我72變","Jolin Tsai","J女神 影音典藏精选","./Music/J女神 影音典藏精選/Jolin Tsai - 看我72變.mp3","./Music/J女神 影音典藏精選/cover.jpg"
"睜一隻眼閉一隻眼(OT: I Did It Again)","Jolin Tsai","J女神 影音典藏精选","./Music/J女神 影音典藏精選/Jolin Tsai - 睜一隻眼閉一隻眼(OT- I Did It Again).mp3","./Music/J女神 影音典藏精選/cover.jpg"
"許願池的希臘少女","Jolin Tsai","J女神 影音典藏精选","./Music/J女神 影音典藏精選/Jolin Tsai - 許願池的希臘少女.mp3","./Music/J女神 影音典藏精選/cover.jpg"
"說愛你","Jolin Tsai","J女神 影音典藏精选","./Music/J女神 影音典藏精選/Jolin Tsai - 說愛你.mp3","./Music/J女神 影音典藏精選/cover.jpg"
"酸甜","Jolin Tsai","J女神 影音典藏精选","./Music/J女神 影音典藏精選/Jolin Tsai - 酸甜.mp3","./Music/J女神 影音典藏精選/cover.jpg"
"野蠻遊戲","Jolin Tsai","J女神 影音典藏精选","./Music/J女神 影音典藏精選/Jolin Tsai - 野蠻遊戲.mp3","./Music/J女神 影音典藏精選/cover.jpg"
"騎士精神","Jolin Tsai","J女神 影音典藏精选","./Music/J女神 影音典藏精選/Jolin Tsai - 騎士精神.mp3","./Music/J女神 影音典藏精選/cover.jpg"
"920 (feat.小宇)","A-Lin/Xiao Yu","Love Song (出道十周年情歌精選)","./Music/Love Song (出道十周年情歌精選)/A-Lin - 920 (feat.小宇).mp3","./Music/Love Song (出道十周年情歌精選)/cover.jpg"
"Beautiful","A-Lin","Love Song (出道十周年情歌精選)","./Music/Love Song (出道十周年情歌精選)/A-Lin - Beautiful.mp3","./Music/Love Song (出道十周年情歌精選)/cover.jpg"
"Lin極限","A-Lin","Love Song (出道十周年情歌精選)","./Music/Love Song (出道十周年情歌精選)/A-Lin - Lin極限.mp3","./Music/Love Song (出道十周年情歌精選)/cover.jpg"
"P.S.我愛你","A-Lin","Love Song (出道十周年情歌精選)","./Music/Love Song (出道十周年情歌精選)/A-Lin - P.S.我愛你.mp3","./Music/Love Song (出道十周年情歌精選)/cover.jpg"
"Purple Rain","A-Lin","Love Song (出道十周年情歌精選)","./Music/Love Song (出道十周年情歌精選)/A-Lin - Purple Rain.mp3","./Music/Love Song (出道十周年情歌精選)/cover.jpg"
"Woman in Love","A-Lin","Love Song (出道十周年情歌精選)","./Music/Love Song (出道十周年情歌精選)/A-Lin - Woman in Love.mp3","./Music/Love Song (出道十周年情歌精選)/cover.jpg"
"一瞬之光","A-Lin","Love Song (出道十周年情歌精選)","./Music/Love Song (出道十周年情歌精選)/A-Lin - 一瞬之光.mp3","./Music/Love Song (出道十周年情歌精選)/cover.jpg"
"不是不滿足","A-Lin","Love Song (出道十周年情歌精選)","./Music/Love Song (出道十周年情歌精選)/A-Lin - 不是不滿足.mp3","./Music/Love Song (出道十周年情歌精選)/cover.jpg"
"今晚你想念的人是不是我 - 2011 A-Lin Legacy Live","A-Lin","Love Song (出道十周年情歌精選)","./Music/Love Song (出道十周年情歌精選)/A-Lin - 今晚你想念的人是不是我 - 2011 A-Lin Legacy Live.mp3","./Music/Love Song (出道十周年情歌精選)/cover.jpg"
"今晚你想念的人是不是我","A-Lin","Love Song (出道十周年情歌精選)","./Music/Love Song (出道十周年情歌精選)/A-Lin - 今晚你想念的人是不是我.mp3","./Music/Love Song (出道十周年情歌精選)/cover.jpg"
"以前,以後","A-Lin","Love Song (出道十周年情歌精選)","./Music/Love Song (出道十周年情歌精選)/A-Lin - 以前,以後.mp3","./Music/Love Song (出道十周年情歌精選)/cover.jpg"
"位置","A-Lin","Love Song (出道十周年情歌精選)","./Music/Love Song (出道十周年情歌精選)/A-Lin - 位置.mp3","./Music/Love Song (出道十周年情歌精選)/cover.jpg"
"做我自己","A-Lin","Love Song (出道十周年情歌精選)","./Music/Love Song (出道十周年情歌精選)/A-Lin - 做我自己.mp3","./Music/Love Song (出道十周年情歌精選)/cover.jpg"
"偽裝","A-Lin","Love Song (出道十周年情歌精選)","./Music/Love Song (出道十周年情歌精選)/A-Lin - 偽裝.mp3","./Music/Love Song (出道十周年情歌精選)/cover.jpg"
"分手需要練習的 - 2011 A-Lin Legacy Live","A-Lin","Love Song (出道十周年情歌精選)","./Music/Love Song (出道十周年情歌精選)/A-Lin - 分手需要練習的 - 2011 A-Lin Legacy Live.mp3","./Music/Love Song (出道十周年情歌精選)/cover.jpg"
"分手需要練習的","A-Lin","Love Song (出道十周年情歌精選)","./Music/Love Song (出道十周年情歌精選)/A-Lin - 分手需要練習的.mp3","./Music/Love Song (出道十周年情歌精選)/cover.jpg"
"勇敢的不是我","A-Lin","Love Song (出道十周年情歌精選)","./Music/Love Song (出道十周年情歌精選)/A-Lin - 勇敢的不是我.mp3","./Music/Love Song (出道十周年情歌精選)/cover.jpg"
"四季","A-Lin","Love Song (出道十周年情歌精選)","./Music/Love Song (出道十周年情歌精選)/A-Lin - 四季.mp3","./Music/Love Song (出道十周年情歌精選)/cover.jpg"
"回家","A-Lin","Love Song (出道十周年情歌精選)","./Music/Love Song (出道十周年情歌精選)/A-Lin - 回家.mp3","./Music/Love Song (出道十周年情歌精選)/cover.jpg"
"圍城","A-Lin","Love Song (出道十周年情歌精選)","./Music/Love Song (出道十周年情歌精選)/A-Lin - 圍城.mp3","./Music/Love Song (出道十周年情歌精選)/cover.jpg"
"大大的擁抱","A-Lin","Love Song (出道十周年情歌精選)","./Music/Love Song (出道十周年情歌精選)/A-Lin - 大大的擁抱.mp3","./Music/Love Song (出道十周年情歌精選)/cover.jpg"
"失戀無罪 - A-Lin 2013 Feel-Lin Live","A-Lin","Love Song (出道十周年情歌精選)","./Music/Love Song (出道十周年情歌精選)/A-Lin - 失戀無罪 - A-Lin 2013 Feel-Lin Live.mp3","./Music/Love Song (出道十周年情歌精選)/cover.jpg"
"失戀無罪","A-Lin","Love Song (出道十周年情歌精選)","./Music/Love Song (出道十周年情歌精選)/A-Lin - 失戀無罪.mp3","./Music/Love Song (出道十周年情歌精選)/cover.jpg"
"好朋友的祝福","A-Lin","Love Song (出道十周年情歌精選)","./Music/Love Song (出道十周年情歌精選)/A-Lin - 好朋友的祝福.mp3","./Music/Love Song (出道十周年情歌精選)/cover.jpg"
"寂寞不痛 - A-Lin 2013 Feel-Lin Live","A-Lin","Love Song (出道十周年情歌精選)","./Music/Love Song (出道十周年情歌精選)/A-Lin - 寂寞不痛 - A-Lin 2013 Feel-Lin Live.mp3","./Music/Love Song (出道十周年情歌精選)/cover.jpg"
"寂寞不痛","A-Lin","Love Song (出道十周年情歌精選)","./Music/Love Song (出道十周年情歌精選)/A-Lin - 寂寞不痛.mp3","./Music/Love Song (出道十周年情歌精選)/cover.jpg"
"幸福了 然後呢","A-Lin","Love Song (出道十周年情歌精選)","./Music/Love Song (出道十周年情歌精選)/A-Lin - 幸福了 然後呢.mp3","./Music/Love Song (出道十周年情歌精選)/cover.jpg"
"後來你好嗎","A-Lin","Love Song (出道十周年情歌精選)","./Music/Love Song (出道十周年情歌精選)/A-Lin - 後來你好嗎.mp3","./Music/Love Song (出道十周年情歌精選)/cover.jpg"
"愛 請問怎麼走","A-Lin","Love Song (出道十周年情歌精選)","./Music/Love Song (出道十周年情歌精選)/A-Lin - 愛 請問怎麼走.mp3","./Music/Love Song (出道十周年情歌精選)/cover.jpg"
"懂得","A-Lin","Love Song (出道十周年情歌精選)","./Music/Love Song (出道十周年情歌精選)/A-Lin - 懂得.mp3","./Music/Love Song (出道十周年情歌精選)/cover.jpg"
"我們會更好的","A-Lin","Love Song (出道十周年情歌精選)","./Music/Love Song (出道十周年情歌精選)/A-Lin - 我們會更好的.mp3","./Music/Love Song (出道十周年情歌精選)/cover.jpg"
"我很忙","A-Lin","Love Song (出道十周年情歌精選)","./Music/Love Song (出道十周年情歌精選)/A-Lin - 我很忙.mp3","./Music/Love Song (出道十周年情歌精選)/cover.jpg"
"我能體諒 - 2011 A-Lin Legacy Live","A-Lin","Love Song (出道十周年情歌精選)","./Music/Love Song (出道十周年情歌精選)/A-Lin - 我能體諒 - 2011 A-Lin Legacy Live.mp3","./Music/Love Song (出道十周年情歌精選)/cover.jpg"
"我能體諒","A-Lin","Love Song (出道十周年情歌精選)","./Music/Love Song (出道十周年情歌精選)/A-Lin - 我能體諒.mp3","./Music/Love Song (出道十周年情歌精選)/cover.jpg"
"抱緊一點","A-Lin","Love Song (出道十周年情歌精選)","./Music/Love Song (出道十周年情歌精選)/A-Lin - 抱緊一點.mp3","./Music/Love Song (出道十周年情歌精選)/cover.jpg"
"換季","A-Lin","Love Song (出道十周年情歌精選)","./Music/Love Song (出道十周年情歌精選)/A-Lin - 換季.mp3","./Music/Love Song (出道十周年情歌精選)/cover.jpg"
"最後的天堂","A-Lin","Love Song (出道十周年情歌精選)","./Music/Love Song (出道十周年情歌精選)/A-Lin - 最後的天堂.mp3","./Music/Love Song (出道十周年情歌精選)/cover.jpg"
"每一個我","A-Lin","Love Song (出道十周年情歌精選)","./Music/Love Song (出道十周年情歌精選)/A-Lin - 每一個我.mp3","./Music/Love Song (出道十周年情歌精選)/cover.jpg"
"溫柔累了","A-Lin","Love Song (出道十周年情歌精選)","./Music/Love Song (出道十周年情歌精選)/A-Lin - 溫柔累了.mp3","./Music/Love Song (出道十周年情歌精選)/cover.jpg"
"無路可退","A-Lin","Love Song (出道十周年情歌精選)","./Music/Love Song (出道十周年情歌精選)/A-Lin - 無路可退.mp3","./Music/Love Song (出道十周年情歌精選)/cover.jpg"
"現在我很幸福","A-Lin","Love Song (出道十周年情歌精選)","./Music/Love Song (出道十周年情歌精選)/A-Lin - 現在我很幸福.mp3","./Music/Love Song (出道十周年情歌精選)/cover.jpg"
"笑笑的","A-Lin","Love Song (出道十周年情歌精選)","./Music/Love Song (出道十周年情歌精選)/A-Lin - 笑笑的.mp3","./Music/Love Song (出道十周年情歌精選)/cover.jpg"
"等你","A-Lin","Love Song (出道十周年情歌精選)","./Music/Love Song (出道十周年情歌精選)/A-Lin - 等你.mp3","./Music/Love Song (出道十周年情歌精選)/cover.jpg"
"給我一個理由忘記 - A-Lin 2013 Feel-Lin Live","A-Lin","Love Song (出道十周年情歌精選)","./Music/Love Song (出道十周年情歌精選)/A-Lin - 給我一個理由忘記 - A-Lin 2013 Feel-Lin Live.mp3","./Music/Love Song (出道十周年情歌精選)/cover.jpg"
"給我一個理由忘記","A-Lin","Love Song (出道十周年情歌精選)","./Music/Love Song (出道十周年情歌精選)/A-Lin - 給我一個理由忘記.mp3","./Music/Love Song (出道十周年情歌精選)/cover.jpg"
"荒唐","A-Lin","Love Song (出道十周年情歌精選)","./Music/Love Song (出道十周年情歌精選)/A-Lin - 荒唐.mp3","./Music/Love Song (出道十周年情歌精選)/cover.jpg"
"逃避沒有不好","A-Lin","Love Song (出道十周年情歌精選)","./Music/Love Song (出道十周年情歌精選)/A-Lin - 逃避沒有不好.mp3","./Music/Love Song (出道十周年情歌精選)/cover.jpg"
"難得","A-Lin","Love Song (出道十周年情歌精選)","./Music/Love Song (出道十周年情歌精選)/A-Lin - 難得.mp3","./Music/Love Song (出道十周年情歌精選)/cover.jpg"
"麻煩下一位","A-Lin","Love Song (出道十周年情歌精選)","./Music/Love Song (出道十周年情歌精選)/A-Lin - 麻煩下一位.mp3","./Music/Love Song (出道十周年情歌精選)/cover.jpg"
"狂風裡擁抱 (信 feat. A-Lin)","A-Lin,信","Love Song (出道十周年情歌精選)","./Music/Love Song (出道十周年情歌精選)/A-Lin,信 - 狂風裡擁抱 (信 feat. A-Lin).mp3","./Music/Love Song (出道十周年情歌精選)/cover.jpg"
"Honey","Cyndi Wang","My! Cyndi!","./Music/My ! Cyndi !/Cyndi Wang - Honey.mp3","./Music/My ! Cyndi !/cover.jpg"
"My! Cyndi!","Cyndi Wang","My! Cyndi!","./Music/My ! Cyndi !/Cyndi Wang - My! Cyndi!.mp3","./Music/My ! Cyndi !/cover.jpg"
"劈你的雷正在路上","Cyndi Wang","My! Cyndi!","./Music/My ! Cyndi !/Cyndi Wang - 劈你的雷正在路上.mp3","./Music/My ! Cyndi !/cover.jpg"
"大眠","Cyndi Wang","My! Cyndi!","./Music/My ! Cyndi !/Cyndi Wang - 大眠.mp3","./Music/My ! Cyndi !/cover.jpg"
"彩虹的微笑","Cyndi Wang","My! Cyndi!","./Music/My ! Cyndi !/Cyndi Wang - 彩虹的微笑.mp3","./Music/My ! Cyndi !/cover.jpg"
"愛你","Cyndi Wang","My! Cyndi!","./Music/My ! Cyndi !/Cyndi Wang - 愛你.mp3","./Music/My ! Cyndi !/cover.jpg"
"我會好好的","Cyndi Wang","My! Cyndi!","./Music/My ! Cyndi !/Cyndi Wang - 我會好好的.mp3","./Music/My ! Cyndi !/cover.jpg"
"明天見","Cyndi Wang","My! Cyndi!","./Music/My ! Cyndi !/Cyndi Wang - 明天見.mp3","./Music/My ! Cyndi !/cover.jpg"
"曖昧","Cyndi Wang","My! Cyndi!","./Music/My ! Cyndi !/Cyndi Wang - 曖昧.mp3","./Music/My ! Cyndi !/cover.jpg"
"月光","Cyndi Wang","My! Cyndi!","./Music/My ! Cyndi !/Cyndi Wang - 月光.mp3","./Music/My ! Cyndi !/cover.jpg"
"當你","Cyndi Wang","My! Cyndi!","./Music/My ! Cyndi !/Cyndi Wang - 當你.mp3","./Music/My ! Cyndi !/cover.jpg"
"睫毛彎彎","Cyndi Wang","My! Cyndi!","./Music/My ! Cyndi !/Cyndi Wang - 睫毛彎彎.mp3","./Music/My ! Cyndi !/cover.jpg"
"第一次愛的人","Cyndi Wang","My! Cyndi!","./Music/My ! Cyndi !/Cyndi Wang - 第一次愛的人.mp3","./Music/My ! Cyndi !/cover.jpg"
"羽毛","Cyndi Wang","My! Cyndi!","./Music/My ! Cyndi !/Cyndi Wang - 羽毛.mp3","./Music/My ! Cyndi !/cover.jpg"
"花的嫁紗","Cyndi Wang","My! Cyndi!","./Music/My ! Cyndi !/Cyndi Wang - 花的嫁紗.mp3","./Music/My ! Cyndi !/cover.jpg"
"這就是愛","Cyndi Wang","My! Cyndi!","./Music/My ! Cyndi !/Cyndi Wang - 這就是愛.mp3","./Music/My ! Cyndi !/cover.jpg"
"還是好朋友","Cyndi Wang","My! Cyndi!","./Music/My ! Cyndi !/Cyndi Wang - 還是好朋友.mp3","./Music/My ! Cyndi !/cover.jpg"
"那年夏天寧靜的海","Cyndi Wang","My! Cyndi!","./Music/My ! Cyndi !/Cyndi Wang - 那年夏天寧靜的海.mp3","./Music/My ! Cyndi !/cover.jpg"
"隱形的翅膀","Cyndi Wang","My! Cyndi!","./Music/My ! Cyndi !/Cyndi Wang - 隱形的翅膀.mp3","./Music/My ! Cyndi !/cover.jpg"
"黃昏曉","Cyndi Wang","My! Cyndi!","./Music/My ! Cyndi !/Cyndi Wang - 黃昏曉.mp3","./Music/My ! Cyndi !/cover.jpg"
"天天年年","Stefanie Sun","No.13 作品 : 跳舞的梵谷","./Music/No. 13 作品：跳舞的梵谷/Stefanie Sun - 天天年年.mp3","./Music/No. 13 作品：跳舞的梵谷/cover.jpg"
"天越亮, 夜越黑","Stefanie Sun","No.13 作品 : 跳舞的梵谷","./Music/No. 13 作品：跳舞的梵谷/Stefanie Sun - 天越亮, 夜越黑.mp3","./Music/No. 13 作品：跳舞的梵谷/cover.jpg"
"極美","Stefanie Sun","No.13 作品 : 跳舞的梵谷","./Music/No. 13 作品：跳舞的梵谷/Stefanie Sun - 極美.mp3","./Music/No. 13 作品：跳舞的梵谷/cover.jpg"
"跳舞的梵谷","Stefanie Sun","No.13 作品 : 跳舞的梵谷","./Music/No. 13 作品：跳舞的梵谷/Stefanie Sun - 跳舞的梵谷.mp3","./Music/No. 13 作品：跳舞的梵谷/cover.jpg"
"風衣","Stefanie Sun","No.13 作品 : 跳舞的梵谷","./Music/No. 13 作品：跳舞的梵谷/Stefanie Sun - 風衣.mp3","./Music/No. 13 作品：跳舞的梵谷/cover.jpg"
"一次幸福的機會","Jam Hsiao","Reminiscence","./Music/Reminiscence/Jam Hsiao - 一次幸福的機會.mp3","./Music/Reminiscence/cover.jpg"
"城裡的月光","Jam Hsiao","Reminiscence","./Music/Reminiscence/Jam Hsiao - 城裡的月光.mp3","./Music/Reminiscence/cover.jpg"
"想你的人沒有睡","Jam Hsiao","Reminiscence","./Music/Reminiscence/Jam Hsiao - 想你的人沒有睡.mp3","./Music/Reminiscence/cover.jpg"
"矜持","Jam Hsiao","Reminiscence","./Music/Reminiscence/Jam Hsiao - 矜持.mp3","./Music/Reminiscence/cover.jpg"
"被遺忘的時光","Jam Hsiao","Reminiscence","./Music/Reminiscence/Jam Hsiao - 被遺忘的時光.mp3","./Music/Reminiscence/cover.jpg"
"親密愛人","Jam Hsiao","Reminiscence","./Music/Reminiscence/Jam Hsiao - 親密愛人.mp3","./Music/Reminiscence/cover.jpg"
"偷月亮的人","Ren Ran","Ren然","./Music/Ren然/Ren Ran - 偷月亮的人.mp3","./Music/Ren然/cover.jpg"
"咦","Ren Ran","Ren然","./Music/Ren然/Ren Ran - 咦.mp3","./Music/Ren然/cover.jpg"
"孔雀","Ren Ran","Ren然","./Music/Ren然/Ren Ran - 孔雀.mp3","./Music/Ren然/cover.jpg"
"念","Ren Ran","Ren然","./Music/Ren然/Ren Ran - 念.mp3","./Music/Ren然/cover.jpg"
"惊喜","Ren Ran","Ren然","./Music/Ren然/Ren Ran - 惊喜.mp3","./Music/Ren然/cover.jpg"
"春山空","Ren Ran","Ren然","./Music/Ren然/Ren Ran - 春山空.mp3","./Music/Ren然/cover.jpg"
"没握住的星","Ren Ran","Ren然","./Music/Ren然/Ren Ran - 没握住的星.mp3","./Music/Ren然/cover.jpg"
"落幕人","Ren Ran","Ren然","./Music/Ren然/Ren Ran - 落幕人.mp3","./Music/Ren然/cover.jpg"
"锁在轮回","Ren Ran","Ren然","./Music/Ren然/Ren Ran - 锁在轮回.mp3","./Music/Ren然/cover.jpg"
"飞鸟和蝉","Ren Ran","Ren然","./Music/Ren然/Ren Ran - 飞鸟和蝉.mp3","./Music/Ren然/cover.jpg"
"不如承諾來的簡單","Eason Chan","rice & shine","./Music/Rice & Shine/Eason Chan - 不如承諾來的簡單.mp3","./Music/Rice & Shine/cover.jpg"
"你給我聽好","Eason Chan","rice & shine","./Music/Rice & Shine/Eason Chan - 你給我聽好.mp3","./Music/Rice & Shine/cover.jpg"
"可以了","Eason Chan","rice & shine","./Music/Rice & Shine/Eason Chan - 可以了.mp3","./Music/Rice & Shine/cover.jpg"
"四季圈","Eason Chan","rice & shine","./Music/Rice & Shine/Eason Chan - 四季圈.mp3","./Music/Rice & Shine/cover.jpg"
"娛樂天空","Eason Chan","rice & shine","./Music/Rice & Shine/Eason Chan - 娛樂天空.mp3","./Music/Rice & Shine/cover.jpg"
"對面","Eason Chan","rice & shine","./Music/Rice & Shine/Eason Chan - 對面.mp3","./Music/Rice & Shine/cover.jpg"
"愚人快樂","Eason Chan","rice & shine","./Music/Rice & Shine/Eason Chan - 愚人快樂.mp3","./Music/Rice & Shine/cover.jpg"
"放棄治療","Eason Chan","rice & shine","./Music/Rice & Shine/Eason Chan - 放棄治療.mp3","./Music/Rice & Shine/cover.jpg"
"時光隧道","Eason Chan","rice & shine","./Music/Rice & Shine/Eason Chan - 時光隧道.mp3","./Music/Rice & Shine/cover.jpg"
"陰天快樂","Eason Chan","rice & shine","./Music/Rice & Shine/Eason Chan - 陰天快樂.mp3","./Music/Rice & Shine/cover.jpg"
"I Don't Wanna Leave Tonight","溫蒂漫步","Spring Spring","./Music/Spring Spring/溫蒂漫步 - I Don't Wanna Leave Tonight.mp3","./Music/Spring Spring/cover.jpg"
"She Loves Me","溫蒂漫步","Spring Spring","./Music/Spring Spring/溫蒂漫步 - She Loves Me.mp3","./Music/Spring Spring/cover.jpg"
"She Was","溫蒂漫步","Spring Spring","./Music/Spring Spring/溫蒂漫步 - She Was.mp3","./Music/Spring Spring/cover.jpg"
"Yes Today","溫蒂漫步","Spring Spring","./Music/Spring Spring/溫蒂漫步 - Yes Today.mp3","./Music/Spring Spring/cover.jpg"
"讓我住進你心裡","溫蒂漫步","Spring Spring","./Music/Spring Spring/溫蒂漫步 - 讓我住進你心裡.mp3","./Music/Spring Spring/cover.jpg"
"Ann","Pink Noise","The Lost Beauties","./Music/The Lost Beauties/Pink Noise - Ann.mp3","./Music/The Lost Beauties/cover.jpg"
"Beauty in Your Eyes","Pink Noise","The Lost Beauties","./Music/The Lost Beauties/Pink Noise - Beauty in Your Eyes.mp3","./Music/The Lost Beauties/cover.jpg"
"七零世代","Pink Noise","The Lost Beauties","./Music/The Lost Beauties/Pink Noise - 七零世代.mp3","./Music/The Lost Beauties/cover.jpg"
"夢失落","Pink Noise","The Lost Beauties","./Music/The Lost Beauties/Pink Noise - 夢失落.mp3","./Music/The Lost Beauties/cover.jpg"
"Love !","Hebe Tien","To Hebe","./Music/To Hebe/Hebe Tien - Love !.mp3","./Music/To Hebe/cover.jpg"
"To Hebe","Hebe Tien","To Hebe","./Music/To Hebe/Hebe Tien - To Hebe.mp3","./Music/To Hebe/cover.jpg"
"你太猖狂","Hebe Tien","To Hebe","./Music/To Hebe/Hebe Tien - 你太猖狂.mp3","./Music/To Hebe/cover.jpg"
"寂寞寂寞就好","Hebe Tien","To Hebe","./Music/To Hebe/Hebe Tien - 寂寞寂寞就好.mp3","./Music/To Hebe/cover.jpg"
"我對不起我","Hebe Tien","To Hebe","./Music/To Hebe/Hebe Tien - 我對不起我.mp3","./Music/To Hebe/cover.jpg"
"我想我不會愛你","Hebe Tien","To Hebe","./Music/To Hebe/Hebe Tien - 我想我不會愛你.mp3","./Music/To Hebe/cover.jpg"
"沒有管理員的公寓","Hebe Tien","To Hebe","./Music/To Hebe/Hebe Tien - 沒有管理員的公寓.mp3","./Music/To Hebe/cover.jpg"
"給小孩","Hebe Tien","To Hebe","./Music/To Hebe/Hebe Tien - 給小孩.mp3","./Music/To Hebe/cover.jpg"
"超級瑪麗","Hebe Tien","To Hebe","./Music/To Hebe/Hebe Tien - 超級瑪麗.mp3","./Music/To Hebe/cover.jpg"
"離島","Hebe Tien","To Hebe","./Music/To Hebe/Hebe Tien - 離島.mp3","./Music/To Hebe/cover.jpg"
"Every Single Night","PA PUN BAND","V","./Music/V/PA PUN BAND - Every Single Night.mp3","./Music/V/cover.jpg"
"哈哈","PA PUN BAND","V","./Music/V/PA PUN BAND - 哈哈.mp3","./Music/V/cover.jpg"
"時間的奴","PA PUN BAND","V","./Music/V/PA PUN BAND - 時間的奴.mp3","./Music/V/cover.jpg"
"真心掏給你","PA PUN BAND","V","./Music/V/PA PUN BAND - 真心掏給你.mp3","./Music/V/cover.jpg"
"請記得揍我一拳","PA PUN BAND","V","./Music/V/PA PUN BAND - 請記得揍我一拳.mp3","./Music/V/cover.jpg"
"鴦","PA PUN BAND","V","./Music/V/PA PUN BAND - 鴦.mp3","./Music/V/cover.jpg"
"不錯","Jacky Cheung","Wake Up Dreaming","./Music/Wake up Dreaming/Jacky Cheung - 不錯.mp3","./Music/Wake up Dreaming/cover.jpg"
"你說的","Jacky Cheung","Wake Up Dreaming","./Music/Wake up Dreaming/Jacky Cheung - 你說的.mp3","./Music/Wake up Dreaming/cover.jpg"
"來得及","Jacky Cheung","Wake Up Dreaming","./Music/Wake up Dreaming/Jacky Cheung - 來得及.mp3","./Music/Wake up Dreaming/cover.jpg"
"我只想唱歌","Jacky Cheung","Wake Up Dreaming","./Music/Wake up Dreaming/Jacky Cheung - 我只想唱歌.mp3","./Music/Wake up Dreaming/cover.jpg"
"我愛上你","Jacky Cheung","Wake Up Dreaming","./Music/Wake up Dreaming/Jacky Cheung - 我愛上你.mp3","./Music/Wake up Dreaming/cover.jpg"
"我醒著做夢","Jacky Cheung","Wake Up Dreaming","./Music/Wake up Dreaming/Jacky Cheung - 我醒著做夢.mp3","./Music/Wake up Dreaming/cover.jpg"
"控訴","Jacky Cheung","Wake Up Dreaming","./Music/Wake up Dreaming/Jacky Cheung - 控訴.mp3","./Music/Wake up Dreaming/cover.jpg"
"時間有淚","Jacky Cheung","Wake Up Dreaming","./Music/Wake up Dreaming/Jacky Cheung - 時間有淚.mp3","./Music/Wake up Dreaming/cover.jpg"
"用餘生去愛","Jacky Cheung","Wake Up Dreaming","./Music/Wake up Dreaming/Jacky Cheung - 用餘生去愛.mp3","./Music/Wake up Dreaming/cover.jpg"
"白自在","Jacky Cheung","Wake Up Dreaming","./Music/Wake up Dreaming/Jacky Cheung - 白自在.mp3","./Music/Wake up Dreaming/cover.jpg"
"冬季不下雪","Andy Lau","一隻牛的異想世界","./Music/一隻牛的異想世界/Andy Lau - 冬季不下雪.mp3","./Music/一隻牛的異想世界/cover.jpg"
"只想抱抱","Andy Lau","一隻牛的異想世界","./Music/一隻牛的異想世界/Andy Lau - 只想抱抱.mp3","./Music/一隻牛的異想世界/cover.jpg"
"壹塊錢","Andy Lau","一隻牛的異想世界","./Music/一隻牛的異想世界/Andy Lau - 壹塊錢.mp3","./Music/一隻牛的異想世界/cover.jpg"
"我是一隻牛","Andy Lau","一隻牛的異想世界","./Music/一隻牛的異想世界/Andy Lau - 我是一隻牛.mp3","./Music/一隻牛的異想世界/cover.jpg"
"最受歡迎男歌手","Andy Lau","一隻牛的異想世界","./Music/一隻牛的異想世界/Andy Lau - 最受歡迎男歌手.mp3","./Music/一隻牛的異想世界/cover.jpg"
"歸宿","Andy Lau","一隻牛的異想世界","./Music/一隻牛的異想世界/Andy Lau - 歸宿.mp3","./Music/一隻牛的異想世界/cover.jpg"
"牧笛","Andy Lau","一隻牛的異想世界","./Music/一隻牛的異想世界/Andy Lau - 牧笛.mp3","./Music/一隻牛的異想世界/cover.jpg"
"玄之又玄","Andy Lau","一隻牛的異想世界","./Music/一隻牛的異想世界/Andy Lau - 玄之又玄.mp3","./Music/一隻牛的異想世界/cover.jpg"
"繭人","Andy Lau","一隻牛的異想世界","./Music/一隻牛的異想世界/Andy Lau - 繭人.mp3","./Music/一隻牛的異想世界/cover.jpg"
"超人","Andy Lau","一隻牛的異想世界","./Music/一隻牛的異想世界/Andy Lau - 超人.mp3","./Music/一隻牛的異想世界/cover.jpg"
"三生三世 - 電視劇《三生三世十里桃花》片頭曲","Jason Zhang","三生三世","./Music/三生三世/Jason Zhang - 三生三世 - 電視劇《三生三世十里桃花》片頭曲.mp3","./Music/三生三世/cover.jpg"
"二手機車上的蘇格拉底","鳳梨先生","不知道的還是不知道","./Music/不知道的還是不知道/鳳梨先生 - 二手機車上的蘇格拉底.mp3","./Music/不知道的還是不知道/cover.jpg"
"人生百貨","鳳梨先生","不知道的還是不知道","./Music/不知道的還是不知道/鳳梨先生 - 人生百貨.mp3","./Music/不知道的還是不知道/cover.jpg"
"四次元地下室","鳳梨先生","不知道的還是不知道","./Music/不知道的還是不知道/鳳梨先生 - 四次元地下室.mp3","./Music/不知道的還是不知道/cover.jpg"
"海貓之歌","曾名傑","之歌","./Music/之歌/曾名傑 - 海貓之歌.mp3","./Music/之歌/cover.jpg"
"海貓貓之歌","曾名傑","之歌","./Music/之歌/曾名傑 - 海貓貓之歌.mp3","./Music/之歌/cover.jpg"
"貓之歌","曾名傑","之歌","./Music/之歌/曾名傑 - 貓之歌.mp3","./Music/之歌/cover.jpg"
"Hey Boy","Diana Wang","你好嗎","./Music/你好嗎/Diana Wang - Hey Boy.mp3","./Music/你好嗎/cover.jpg"
"你好嗎","Diana Wang","你好嗎","./Music/你好嗎/Diana Wang - 你好嗎.mp3","./Music/你好嗎/cover.jpg"
"我不要再難過","Diana Wang","你好嗎","./Music/你好嗎/Diana Wang - 我不要再難過.mp3","./Music/你好嗎/cover.jpg"
"我的我自己","Diana Wang","你好嗎","./Music/你好嗎/Diana Wang - 我的我自己.mp3","./Music/你好嗎/cover.jpg"
"最最愛!","Diana Wang","你好嗎","./Music/你好嗎/Diana Wang - 最最愛!.mp3","./Music/你好嗎/cover.jpg"
"有點不捨","Diana Wang","你好嗎","./Music/你好嗎/Diana Wang - 有點不捨.mp3","./Music/你好嗎/cover.jpg"
"你給過我的快樂","Who Cares 胡凱兒","你給過我的快樂","./Music/你給過我的快樂/Who Cares 胡凱兒 - 你給過我的快樂.mp3","./Music/你給過我的快樂/cover.jpg"
"你願意跟我一起走嗎","貝克小姐Miss Bac.","你願意跟我一起走嗎","./Music/你願意跟我一起走嗎/貝克小姐Miss Bac. - 你願意跟我一起走嗎.mp3","./Music/你願意跟我一起走嗎/cover.jpg"
"嘴硬 (當我說不愛你)","Miu Chu","來日方長","./Music/來日方長/Miu Chu - 嘴硬 (當我說不愛你).mp3","./Music/來日方長/cover.jpg"
"昨天的自己","Miu Chu","來日方長","./Music/來日方長/Miu Chu - 昨天的自己.mp3","./Music/來日方長/cover.jpg"
"Take Me To The Star","Shin","信","./Music/信/Shin - Take Me To The Star.mp3","./Music/信/cover.jpg"
"不滅信念","Shin","信","./Music/信/Shin - 不滅信念.mp3","./Music/信/cover.jpg"
"你存在","Shin","信","./Music/信/Shin - 你存在.mp3","./Music/信/cover.jpg"
"假裝陽光的蠟燭","Shin","信","./Music/信/Shin - 假裝陽光的蠟燭.mp3","./Music/信/cover.jpg"
"傷城","Shin","信","./Music/信/Shin - 傷城.mp3","./Music/信/cover.jpg"
"告別的時代","Shin","信","./Music/信/Shin - 告別的時代.mp3","./Music/信/cover.jpg"
"回來","Shin","信","./Music/信/Shin - 回來.mp3","./Music/信/cover.jpg"
"天知道","Shin","信","./Music/信/Shin - 天知道.mp3","./Music/信/cover.jpg"
"小時候","Shin","信","./Music/信/Shin - 小時候.mp3","./Music/信/cover.jpg"
"態度","Shin","信","./Music/信/Shin - 態度.mp3","./Music/信/cover.jpg"
"我恨妳","Shin","信","./Music/信/Shin - 我恨妳.mp3","./Music/信/cover.jpg"
"我記得","Shin","信","./Music/信/Shin - 我記得.mp3","./Music/信/cover.jpg"
"我選擇笑","Shin","信","./Music/信/Shin - 我選擇笑.mp3","./Music/信/cover.jpg"
"手擁","Shin","信","./Music/信/Shin - 手擁.mp3","./Music/信/cover.jpg"
"暗藏後悔","Shin","信","./Music/信/Shin - 暗藏後悔.mp3","./Music/信/cover.jpg"
"桃花開 搖搖擺擺","Shin","信","./Music/信/Shin - 桃花開 搖搖擺擺.mp3","./Music/信/cover.jpg"
"淪陷","Shin","信","./Music/信/Shin - 淪陷.mp3","./Music/信/cover.jpg"
"火燒的寂寞","Shin","信","./Music/信/Shin - 火燒的寂寞.mp3","./Music/信/cover.jpg"
"趁我","Shin","信","./Music/信/Shin - 趁我.mp3","./Music/信/cover.jpg"
"遠得要命的愛情","Shin","信","./Music/信/Shin - 遠得要命的愛情.mp3","./Music/信/cover.jpg"
"錯了","Shin","信","./Music/信/Shin - 錯了.mp3","./Music/信/cover.jpg"
"魂","Shin","信","./Music/信/Shin - 魂.mp3","./Music/信/cover.jpg"
"黎明之前","Shin","信","./Music/信/Shin - 黎明之前.mp3","./Music/信/cover.jpg"
"狂風裡擁抱","Shin/A-Lin","信","./Music/信/Shin, A-Lin - 狂風裡擁抱.mp3","./Music/信/cover.jpg"
"離歌","Shin/信樂團","信","./Music/信/Shin, 信樂團 - 離歌.mp3","./Music/信/cover.jpg"
"One Night In 北京","信樂團","信","./Music/信/信樂團 - One Night In 北京.mp3","./Music/信/cover.jpg"
"一了百了","信樂團","信","./Music/信/信樂團 - 一了百了.mp3","./Music/信/cover.jpg"
"不會消失的夜晚","信樂團","信","./Music/信/信樂團 - 不會消失的夜晚.mp3","./Music/信/cover.jpg"
"世界末日","信樂團","信","./Music/信/信樂團 - 世界末日.mp3","./Music/信/cover.jpg"
"假如","信樂團","信","./Music/信/信樂團 - 假如.mp3","./Music/信/cover.jpg"
"大驚小怪","信樂團","信","./Music/信/信樂團 - 大驚小怪.mp3","./Music/信/cover.jpg"
"天亮","信樂團","信","./Music/信/信樂團 - 天亮.mp3","./Music/信/cover.jpg"
"天亮以後說分手","信樂團","信","./Music/信/信樂團 - 天亮以後說分手.mp3","./Music/信/cover.jpg"
"天高地厚","信樂團","信","./Music/信/信樂團 - 天高地厚.mp3","./Music/信/cover.jpg"
"挑釁","信樂團","信","./Music/信/信樂團 - 挑釁.mp3","./Music/信/cover.jpg"
"斷了思念","信樂團","信","./Music/信/信樂團 - 斷了思念.mp3","./Music/信/cover.jpg"
"死了都要愛","信樂團","信","./Music/信/信樂團 - 死了都要愛.mp3","./Music/信/cover.jpg"
"海闊天空","信樂團","信","./Music/信/信樂團 - 海闊天空.mp3","./Music/信/cover.jpg"
"無可救藥愛上你","信樂團","信","./Music/信/信樂團 - 無可救藥愛上你.mp3","./Music/信/cover.jpg"
"候鳥","Ricky Hsiao","候鳥","./Music/候鳥/Ricky Hsiao - 候鳥.mp3","./Music/候鳥/cover.jpg"
"城市的光","Ricky Hsiao","候鳥","./Music/候鳥/Ricky Hsiao - 城市的光.mp3","./Music/候鳥/cover.jpg"
"天亮就分手","Ricky Hsiao","候鳥","./Music/候鳥/Ricky Hsiao - 天亮就分手.mp3","./Music/候鳥/cover.jpg"
"對愛入座","Ricky Hsiao","候鳥","./Music/候鳥/Ricky Hsiao - 對愛入座.mp3","./Music/候鳥/cover.jpg"
"晚安","Ricky Hsiao","候鳥","./Music/候鳥/Ricky Hsiao - 晚安.mp3","./Music/候鳥/cover.jpg"
"暫停時光","Ricky Hsiao","候鳥","./Music/候鳥/Ricky Hsiao - 暫停時光.mp3","./Music/候鳥/cover.jpg"
"活該寂寞","Ricky Hsiao","候鳥","./Music/候鳥/Ricky Hsiao - 活該寂寞.mp3","./Music/候鳥/cover.jpg"
"給親愛的你","Ricky Hsiao","候鳥","./Music/候鳥/Ricky Hsiao - 給親愛的你.mp3","./Music/候鳥/cover.jpg"
"英雄小說","Ricky Hsiao","候鳥","./Music/候鳥/Ricky Hsiao - 英雄小說.mp3","./Music/候鳥/cover.jpg"
"迷宮","Ricky Hsiao","候鳥","./Music/候鳥/Ricky Hsiao - 迷宮.mp3","./Music/候鳥/cover.jpg"
"Until The Day","JJ Lin","偉大的渺小","./Music/偉大的渺小/JJ Lin - Until The Day.mp3","./Music/偉大的渺小/cover.jpg"
"偉大的渺小","JJ Lin","偉大的渺小","./Music/偉大的渺小/JJ Lin - 偉大的渺小.mp3","./Music/偉大的渺小/cover.jpg"
"剪雲者","JJ Lin","偉大的渺小","./Music/偉大的渺小/JJ Lin - 剪雲者.mp3","./Music/偉大的渺小/cover.jpg"
"四點四十四","JJ Lin","偉大的渺小","./Music/偉大的渺小/JJ Lin - 四點四十四.mp3","./Music/偉大的渺小/cover.jpg"
"小瓶子 (電影 "假如王子睡著了" 印象曲)","JJ Lin","偉大的渺小","./Music/偉大的渺小/JJ Lin - 小瓶子 (電影 '假如王子睡著了' 印象曲).mp3","./Music/偉大的渺小/cover.jpg"
"我繼續","JJ Lin","偉大的渺小","./Music/偉大的渺小/JJ Lin - 我繼續.mp3","./Music/偉大的渺小/cover.jpg"
"聖所","JJ Lin","偉大的渺小","./Music/偉大的渺小/JJ Lin - 聖所.mp3","./Music/偉大的渺小/cover.jpg"
"身為風帆","JJ Lin","偉大的渺小","./Music/偉大的渺小/JJ Lin - 身為風帆.mp3","./Music/偉大的渺小/cover.jpg"
"黑夜問白天","JJ Lin","偉大的渺小","./Music/偉大的渺小/JJ Lin - 黑夜問白天.mp3","./Music/偉大的渺小/cover.jpg"
"Booty Call","A-Mei Chang","偏執面","./Music/偏執面/A-Mei Chang - Booty Call.mp3","./Music/偏執面/cover.jpg"
"三月","A-Mei Chang","偏執面","./Music/偏執面/A-Mei Chang - 三月.mp3","./Music/偏執面/cover.jpg"
"前進烏托邦","A-Mei Chang","偏執面","./Music/偏執面/A-Mei Chang - 前進烏托邦.mp3","./Music/偏執面/cover.jpg"
"狗","A-Mei Chang","偏執面","./Music/偏執面/A-Mei Chang - 狗.mp3","./Music/偏執面/cover.jpg"
"自虐","A-Mei Chang","偏執面","./Music/偏執面/A-Mei Chang - 自虐.mp3","./Music/偏執面/cover.jpg"
"跳進來","A-Mei Chang","偏執面","./Music/偏執面/A-Mei Chang - 跳進來.mp3","./Music/偏執面/cover.jpg"
"這樣你還要愛我嗎","A-Mei Chang","偏執面","./Music/偏執面/A-Mei Chang - 這樣你還要愛我嗎.mp3","./Music/偏執面/cover.jpg"
"都對也都錯","A-Mei Chang","偏執面","./Music/偏執面/A-Mei Chang - 都對也都錯.mp3","./Music/偏執面/cover.jpg"
"飛高高","A-Mei Chang","偏執面","./Music/偏執面/A-Mei Chang - 飛高高.mp3","./Music/偏執面/cover.jpg"
"偷故事的人","A-Mei Chang","偷故事的人","./Music/偷故事的人/A-Mei Chang - 偷故事的人.mp3","./Music/偷故事的人/cover.jpg"
"壞的好人","A-Mei Chang","偷故事的人","./Music/偷故事的人/A-Mei Chang - 壞的好人.mp3","./Music/偷故事的人/cover.jpg"
"戒斷","A-Mei Chang","偷故事的人","./Music/偷故事的人/A-Mei Chang - 戒斷.mp3","./Music/偷故事的人/cover.jpg"
"裝醉","A-Mei Chang","偷故事的人","./Music/偷故事的人/A-Mei Chang - 裝醉.mp3","./Music/偷故事的人/cover.jpg"
"身後","A-Mei Chang","偷故事的人","./Music/偷故事的人/A-Mei Chang - 身後.mp3","./Music/偷故事的人/cover.jpg"
"連名帶姓","A-Mei Chang","偷故事的人","./Music/偷故事的人/A-Mei Chang - 連名帶姓.mp3","./Music/偷故事的人/cover.jpg"
"Beautiful Day","Mister Mouth","光這麼說","./Music/光這麼說/Mister Mouth - Beautiful Day.mp3","./Music/光這麼說/cover.jpg"
"Welcome Home","Mister Mouth","光這麼說","./Music/光這麼說/Mister Mouth - Welcome Home.mp3","./Music/光這麼說/cover.jpg"
"別忘記你是誰","Mister Mouth","光這麼說","./Music/光這麼說/Mister Mouth - 別忘記你是誰.mp3","./Music/光這麼說/cover.jpg"
"床邊故事","Mister Mouth","光這麼說","./Music/光這麼說/Mister Mouth - 床邊故事.mp3","./Music/光這麼說/cover.jpg"
"沉睡王國","Mister Mouth","光這麼說","./Music/光這麼說/Mister Mouth - 沉睡王國.mp3","./Music/光這麼說/cover.jpg"
"滯留","Mister Mouth","光這麼說","./Music/光這麼說/Mister Mouth - 滯留.mp3","./Music/光這麼說/cover.jpg"
"第四人稱","Mister Mouth","光這麼說","./Music/光這麼說/Mister Mouth - 第四人稱.mp3","./Music/光這麼說/cover.jpg"
"紀念冊","Mister Mouth","光這麼說","./Music/光這麼說/Mister Mouth - 紀念冊.mp3","./Music/光這麼說/cover.jpg"
"Play","David Tao","六九樂章","./Music/六九樂章/David Tao - Play.mp3","./Music/六九樂章/cover.jpg"
"中國姑娘","David Tao","六九樂章","./Music/六九樂章/David Tao - 中國姑娘.mp3","./Music/六九樂章/cover.jpg"
"你的歌","David Tao","六九樂章","./Music/六九樂章/David Tao - 你的歌.mp3","./Music/六九樂章/cover.jpg"
"我太傻","David Tao","六九樂章","./Music/六九樂章/David Tao - 我太傻.mp3","./Music/六九樂章/cover.jpg"
"暗戀","David Tao","六九樂章","./Music/六九樂章/David Tao - 暗戀.mp3","./Music/六九樂章/cover.jpg"
"火鳥功","David Tao","六九樂章","./Music/六九樂章/David Tao - 火鳥功.mp3","./Music/六九樂章/cover.jpg"
"請繼續, 任性","David Tao","六九樂章","./Music/六九樂章/David Tao - 請繼續, 任性.mp3","./Music/六九樂章/cover.jpg"
"雪豹","David Tao","六九樂章","./Music/六九樂章/David Tao - 雪豹.mp3","./Music/六九樂章/cover.jpg"
"一個人","Andy Lau","再說一次.我愛你","./Music/再說一次我愛你/Andy Lau - 一個人.mp3","./Music/再說一次我愛你/cover.jpg"
"再說一次. 我愛你","Andy Lau","再說一次.我愛你","./Music/再說一次我愛你/Andy Lau - 再說一次. 我愛你.mp3","./Music/再說一次我愛你/cover.jpg"
"單純女孩","Andy Lau","再說一次.我愛你","./Music/再說一次我愛你/Andy Lau - 單純女孩.mp3","./Music/再說一次我愛你/cover.jpg"
"完美","Andy Lau","再說一次.我愛你","./Music/再說一次我愛你/Andy Lau - 完美.mp3","./Music/再說一次我愛你/cover.jpg"
"未知數","Andy Lau","再說一次.我愛你","./Music/再說一次我愛你/Andy Lau - 未知數.mp3","./Music/再說一次我愛你/cover.jpg"
"狠心的一課","Andy Lau","再說一次.我愛你","./Music/再說一次我愛你/Andy Lau - 狠心的一課.mp3","./Music/再說一次我愛你/cover.jpg"
"真心話","Andy Lau","再說一次.我愛你","./Music/再說一次我愛你/Andy Lau - 真心話.mp3","./Music/再說一次我愛你/cover.jpg"
"美人痛","Andy Lau","再說一次.我愛你","./Music/再說一次我愛你/Andy Lau - 美人痛.mp3","./Music/再說一次我愛你/cover.jpg"
"苦命梁祝","Andy Lau","再說一次.我愛你","./Music/再說一次我愛你/Andy Lau - 苦命梁祝.mp3","./Music/再說一次我愛你/cover.jpg"
"虹橋機場的咖啡廳","Andy Lau","再說一次.我愛你","./Music/再說一次我愛你/Andy Lau - 虹橋機場的咖啡廳.mp3","./Music/再說一次我愛你/cover.jpg"
"凌星凝望 - 第三十六屆政大金旋獎主題曲","Theseus 忒修斯","凌星凝望 (第三十六屆政大金旋獎主題曲)","./Music/凌星凝望/Theseus 忒修斯 - 凌星凝望 - 第三十六屆政大金旋獎主題曲.mp3","./Music/凌星凝望/cover.jpg"
"一半","Joker Xue","初學者","./Music/初學者/Joker Xue - 一半.mp3","./Music/初學者/cover.jpg"
"下雨了","Joker Xue","初學者","./Music/初學者/Joker Xue - 下雨了.mp3","./Music/初學者/cover.jpg"
"初學者","Joker Xue","初學者","./Music/初學者/Joker Xue - 初學者.mp3","./Music/初學者/cover.jpg"
"小孩","Joker Xue","初學者","./Music/初學者/Joker Xue - 小孩.mp3","./Music/初學者/cover.jpg"
"我好像在哪見過你","Joker Xue","初學者","./Music/初學者/Joker Xue - 我好像在哪見過你.mp3","./Music/初學者/cover.jpg"
"演員","Joker Xue","初學者","./Music/初學者/Joker Xue - 演員.mp3","./Music/初學者/cover.jpg"
"紳士","Joker Xue","初學者","./Music/初學者/Joker Xue - 紳士.mp3","./Music/初學者/cover.jpg"
"花兒和少年","Joker Xue","初學者","./Music/初學者/Joker Xue - 花兒和少年.mp3","./Music/初學者/cover.jpg"
"Love is Love","Rainie Yang","刪·拾 以後","./Music/刪‧拾 以後/Rainie Yang - Love is Love.mp3","./Music/刪‧拾 以後/cover.jpg"
"不可惜","Rainie Yang","刪·拾 以後","./Music/刪‧拾 以後/Rainie Yang - 不可惜.mp3","./Music/刪‧拾 以後/cover.jpg"
"刪拾","Rainie Yang","刪·拾 以後","./Music/刪‧拾 以後/Rainie Yang - 刪拾.mp3","./Music/刪‧拾 以後/cover.jpg"
"泥土","Rainie Yang","刪·拾 以後","./Music/刪‧拾 以後/Rainie Yang - 泥土.mp3","./Music/刪‧拾 以後/cover.jpg"
"煉愛","Rainie Yang","刪·拾 以後","./Music/刪‧拾 以後/Rainie Yang - 煉愛.mp3","./Music/刪‧拾 以後/cover.jpg"
"獻醜","Rainie Yang","刪·拾 以後","./Music/刪‧拾 以後/Rainie Yang - 獻醜.mp3","./Music/刪‧拾 以後/cover.jpg"
"空空","Rainie Yang","刪·拾 以後","./Music/刪‧拾 以後/Rainie Yang - 空空.mp3","./Music/刪‧拾 以後/cover.jpg"
"節日快樂","Rainie Yang","刪·拾 以後","./Music/刪‧拾 以後/Rainie Yang - 節日快樂.mp3","./Music/刪‧拾 以後/cover.jpg"
"臉孔","Rainie Yang","刪·拾 以後","./Music/刪‧拾 以後/Rainie Yang - 臉孔.mp3","./Music/刪‧拾 以後/cover.jpg"
"勇氣","Fish Leong","勇氣","./Music/勇氣/Fish Leong - 勇氣.mp3","./Music/勇氣/cover.jpg"
"半個月亮","Fish Leong","勇氣","./Music/勇氣/Fish Leong - 半個月亮.mp3","./Music/勇氣/cover.jpg"
"多數是晴天","Fish Leong","勇氣","./Music/勇氣/Fish Leong - 多數是晴天.mp3","./Music/勇氣/cover.jpg"
"如果有一天","Fish Leong","勇氣","./Music/勇氣/Fish Leong - 如果有一天.mp3","./Music/勇氣/cover.jpg"
"愛你不是兩三天","Fish Leong","勇氣","./Music/勇氣/Fish Leong - 愛你不是兩三天.mp3","./Music/勇氣/cover.jpg"
"愛計較","Fish Leong","勇氣","./Music/勇氣/Fish Leong - 愛計較.mp3","./Music/勇氣/cover.jpg"
"昨天","Fish Leong","勇氣","./Music/勇氣/Fish Leong - 昨天.mp3","./Music/勇氣/cover.jpg"
"最後","Fish Leong","勇氣","./Music/勇氣/Fish Leong - 最後.mp3","./Music/勇氣/cover.jpg"
"最爛的理由","Fish Leong","勇氣","./Music/勇氣/Fish Leong - 最爛的理由.mp3","./Music/勇氣/cover.jpg"
"沒有水的游泳池","Fish Leong","勇氣","./Music/勇氣/Fish Leong - 沒有水的游泳池.mp3","./Music/勇氣/cover.jpg"
"不營業的日常","Rene Liu","各自安好","./Music/各自安好/Rene Liu - 不營業的日常.mp3","./Music/各自安好/cover.jpg"
"人","Rene Liu","各自安好","./Music/各自安好/Rene Liu - 人.mp3","./Music/各自安好/cover.jpg"
"今天我生日","Rene Liu","各自安好","./Music/各自安好/Rene Liu - 今天我生日.mp3","./Music/各自安好/cover.jpg"
"依偎 (戲劇《緊急公關》插曲)","Rene Liu","各自安好","./Music/各自安好/Rene Liu - 依偎 (戲劇《緊急公關》插曲).mp3","./Music/各自安好/cover.jpg"
"各自安好","Rene Liu","各自安好","./Music/各自安好/Rene Liu - 各自安好.mp3","./Music/各自安好/cover.jpg"
"所有相愛的人啊(祝福版)","Rene Liu","各自安好","./Music/各自安好/Rene Liu - 所有相愛的人啊(祝福版).mp3","./Music/各自安好/cover.jpg"
"旁白人生","Rene Liu","各自安好","./Music/各自安好/Rene Liu - 旁白人生.mp3","./Music/各自安好/cover.jpg"
"誠實","Rene Liu","各自安好","./Music/各自安好/Rene Liu - 誠實.mp3","./Music/各自安好/cover.jpg"
"飛行日","Rene Liu","各自安好","./Music/各自安好/Rene Liu - 飛行日.mp3","./Music/各自安好/cover.jpg"
"黃金年代 (戲劇《緊急公關》片尾曲)","Rene Liu","各自安好","./Music/各自安好/Rene Liu - 黃金年代 (戲劇《緊急公關》片尾曲).mp3","./Music/各自安好/cover.jpg"
"Don't Really Care","Mister Mouth","同類","./Music/同類/Mister Mouth - Don't Really Care.mp3","./Music/同類/cover.jpg"
"同類","Mister Mouth","同類","./Music/同類/Mister Mouth - 同類.mp3","./Music/同類/cover.jpg"
"Till the Day","Pink Noise","告別","./Music/告別/Pink Noise - Till the Day.mp3","./Music/告別/cover.jpg"
"等天亮的人","Pink Noise","告別","./Music/告別/Pink Noise - 等天亮的人.mp3","./Music/告別/cover.jpg"
"一口氣全唸對","Jay Chou","哎呦, 不錯哦","./Music/哎呦，不錯哦/Jay Chou - 一口氣全唸對.mp3","./Music/哎呦，不錯哦/cover.jpg"
"天涯過客","Jay Chou","哎呦, 不錯哦","./Music/哎呦，不錯哦/Jay Chou - 天涯過客.mp3","./Music/哎呦，不錯哦/cover.jpg"
"手寫的從前","Jay Chou","哎呦, 不錯哦","./Music/哎呦，不錯哦/Jay Chou - 手寫的從前.mp3","./Music/哎呦，不錯哦/cover.jpg"
"竊愛","Jay Chou","哎呦, 不錯哦","./Music/哎呦，不錯哦/Jay Chou - 竊愛.mp3","./Music/哎呦，不錯哦/cover.jpg"
"算什麼男人","Jay Chou","哎呦, 不錯哦","./Music/哎呦，不錯哦/Jay Chou - 算什麼男人.mp3","./Music/哎呦，不錯哦/cover.jpg"
"美人魚","Jay Chou","哎呦, 不錯哦","./Music/哎呦，不錯哦/Jay Chou - 美人魚.mp3","./Music/哎呦，不錯哦/cover.jpg"
"聽爸爸的話","Jay Chou","哎呦, 不錯哦","./Music/哎呦，不錯哦/Jay Chou - 聽爸爸的話.mp3","./Music/哎呦，不錯哦/cover.jpg"
"聽見下雨的聲音","Jay Chou","哎呦, 不錯哦","./Music/哎呦，不錯哦/Jay Chou - 聽見下雨的聲音.mp3","./Music/哎呦，不錯哦/cover.jpg"
"陽明山","Jay Chou","哎呦, 不錯哦","./Music/哎呦，不錯哦/Jay Chou - 陽明山.mp3","./Music/哎呦，不錯哦/cover.jpg"
"鞋子特大號","Jay Chou","哎呦, 不錯哦","./Music/哎呦，不錯哦/Jay Chou - 鞋子特大號.mp3","./Music/哎呦，不錯哦/cover.jpg"
"我要夏天","Jay Chou/Gary Yang","哎呦, 不錯哦","./Music/哎呦，不錯哦/Jay Chou, Gary Yang - 我要夏天.mp3","./Music/哎呦，不錯哦/cover.jpg"
"FIND YOU","G.E.M.","啓示錄","./Music/啟示錄/G.E.M. - FIND YOU.mp3","./Music/啟示錄/cover.jpg"
"GLORIA","G.E.M.","啓示錄","./Music/啟示錄/G.E.M. - GLORIA.mp3","./Music/啟示錄/cover.jpg"
"HELL","G.E.M.","啓示錄","./Music/啟示錄/G.E.M. - HELL.mp3","./Music/啟示錄/cover.jpg"
"不想回家","G.E.M.","啓示錄","./Music/啟示錄/G.E.M. - 不想回家.mp3","./Music/啟示錄/cover.jpg"
"你不是第一個離開的人","G.E.M.","啓示錄","./Music/啟示錄/G.E.M. - 你不是第一個離開的人.mp3","./Music/啟示錄/cover.jpg"
"冰河時代","G.E.M.","啓示錄","./Music/啟示錄/G.E.M. - 冰河時代.mp3","./Music/啟示錄/cover.jpg"
"受難曲","G.E.M.","啓示錄","./Music/啟示錄/G.E.M. - 受難曲.mp3","./Music/啟示錄/cover.jpg"
"只有我和你的地方","G.E.M.","啓示錄","./Music/啟示錄/G.E.M. - 只有我和你的地方.mp3","./Music/啟示錄/cover.jpg"
"夜的盡頭","G.E.M.","啓示錄","./Music/啟示錄/G.E.M. - 夜的盡頭.mp3","./Music/啟示錄/cover.jpg"
"天空沒有極限","G.E.M.","啓示錄","./Music/啟示錄/G.E.M. - 天空沒有極限.mp3","./Music/啟示錄/cover.jpg"
"少年與海","G.E.M.","啓示錄","./Music/啟示錄/G.E.M. - 少年與海.mp3","./Music/啟示錄/cover.jpg"
"老人與海","G.E.M.","啓示錄","./Music/啟示錄/G.E.M. - 老人與海.mp3","./Music/啟示錄/cover.jpg"
"讓世界暫停一分鐘","G.E.M.","啓示錄","./Music/啟示錄/G.E.M. - 讓世界暫停一分鐘.mp3","./Music/啟示錄/cover.jpg"
"離心力","G.E.M.","啓示錄","./Music/啟示錄/G.E.M. - 離心力.mp3","./Music/啟示錄/cover.jpg"
"Wake Up","廖文強","喜劇人生","./Music/喜劇人生/廖文強 - Wake Up.mp3","./Music/喜劇人生/cover.jpg"
"一鏡到底","廖文強","喜劇人生","./Music/喜劇人生/廖文強 - 一鏡到底.mp3","./Music/喜劇人生/cover.jpg"
"喜劇人生","廖文強","喜劇人生","./Music/喜劇人生/廖文強 - 喜劇人生.mp3","./Music/喜劇人生/cover.jpg"
"最好的自己","廖文強","喜劇人生","./Music/喜劇人生/廖文強 - 最好的自己.mp3","./Music/喜劇人生/cover.jpg"
"渴望幸福的人","廖文強","喜劇人生","./Music/喜劇人生/廖文強 - 渴望幸福的人.mp3","./Music/喜劇人生/cover.jpg"
"美麗的故事","廖文強","喜劇人生","./Music/喜劇人生/廖文強 - 美麗的故事.mp3","./Music/喜劇人生/cover.jpg"
"loVSer","Mixer","嗜愛動物","./Music/嗜愛動物/Mixer - loVSer.mp3","./Music/嗜愛動物/cover.jpg"
"嗜愛動物","Mixer","嗜愛動物","./Music/嗜愛動物/Mixer - 嗜愛動物.mp3","./Music/嗜愛動物/cover.jpg"
"廢廢 (公視迷你劇集《大債時代》片尾曲)","Mixer","嗜愛動物","./Music/嗜愛動物/Mixer - 廢廢 (公視迷你劇集《大債時代》片尾曲).mp3","./Music/嗜愛動物/cover.jpg"
"接著","Mixer","嗜愛動物","./Music/嗜愛動物/Mixer - 接著.mp3","./Music/嗜愛動物/cover.jpg"
"餵食秀","Mixer","嗜愛動物","./Music/嗜愛動物/Mixer - 餵食秀.mp3","./Music/嗜愛動物/cover.jpg"
"他們說我是沒有用的年輕人","Good Band","在遊蕩的路上學會寬容","./Music/在遊蕩的路上學會寬容/Good Band - 他們說我是沒有用的年輕人.mp3","./Music/在遊蕩的路上學會寬容/cover.jpg"
"回到木星","Good Band","在遊蕩的路上學會寬容","./Music/在遊蕩的路上學會寬容/Good Band - 回到木星.mp3","./Music/在遊蕩的路上學會寬容/cover.jpg"
"棲身之地","Good Band","在遊蕩的路上學會寬容","./Music/在遊蕩的路上學會寬容/Good Band - 棲身之地.mp3","./Music/在遊蕩的路上學會寬容/cover.jpg"
"淹沒我","Good Band","在遊蕩的路上學會寬容","./Music/在遊蕩的路上學會寬容/Good Band - 淹沒我.mp3","./Music/在遊蕩的路上學會寬容/cover.jpg"
"蒸發","Good Band","在遊蕩的路上學會寬容","./Music/在遊蕩的路上學會寬容/Good Band - 蒸發.mp3","./Music/在遊蕩的路上學會寬容/cover.jpg"
"被愛灌溉長大的人","Good Band","在遊蕩的路上學會寬容","./Music/在遊蕩的路上學會寬容/Good Band - 被愛灌溉長大的人.mp3","./Music/在遊蕩的路上學會寬容/cover.jpg"
"Outsider","吳青峰","太空人","./Music/太空人/吳青峰 - Outsider.mp3","./Music/太空人/cover.jpg"
"傷風","吳青峰","太空人","./Music/太空人/吳青峰 - 傷風.mp3","./Music/太空人/cover.jpg"
"回音收集員","吳青峰","太空人","./Music/太空人/吳青峰 - 回音收集員.mp3","./Music/太空人/cover.jpg"
"太空","吳青峰","太空人","./Music/太空人/吳青峰 - 太空.mp3","./Music/太空人/cover.jpg"
"太空人","吳青峰","太空人","./Music/太空人/吳青峰 - 太空人.mp3","./Music/太空人/cover.jpg"
"太空船","吳青峰","太空人","./Music/太空人/吳青峰 - 太空船.mp3","./Music/太空人/cover.jpg"
"失憶鎮","吳青峰","太空人","./Music/太空人/吳青峰 - 失憶鎮.mp3","./Music/太空人/cover.jpg"
"巴別塔慶典","吳青峰","太空人","./Music/太空人/吳青峰 - 巴別塔慶典.mp3","./Music/太空人/cover.jpg"
"水仙花之死","吳青峰","太空人","./Music/太空人/吳青峰 - 水仙花之死.mp3","./Music/太空人/cover.jpg"
"男孩莊周","吳青峰","太空人","./Music/太空人/吳青峰 - 男孩莊周.mp3","./Music/太空人/cover.jpg"
"線的記憶","吳青峰","太空人","./Music/太空人/吳青峰 - 線的記憶.mp3","./Music/太空人/cover.jpg"
"譯夢機","吳青峰","太空人","./Music/太空人/吳青峰 - 譯夢機.mp3","./Music/太空人/cover.jpg"
"Kiss Me","Miu Chu","女神Miu朱俐靜 存在的力量","./Music/女神Miu朱俐靜 存在的力量/Miu Chu - Kiss Me.mp3","./Music/女神Miu朱俐靜 存在的力量/cover.jpg"
"一千萬次的淚水","Miu Chu","女神Miu朱俐靜 存在的力量","./Music/女神Miu朱俐靜 存在的力量/Miu Chu - 一千萬次的淚水.mp3","./Music/女神Miu朱俐靜 存在的力量/cover.jpg"
"你的聲音","Miu Chu","女神Miu朱俐靜 存在的力量","./Music/女神Miu朱俐靜 存在的力量/Miu Chu - 你的聲音.mp3","./Music/女神Miu朱俐靜 存在的力量/cover.jpg"
"出愛情記","Miu Chu","女神Miu朱俐靜 存在的力量","./Music/女神Miu朱俐靜 存在的力量/Miu Chu - 出愛情記.mp3","./Music/女神Miu朱俐靜 存在的力量/cover.jpg"
"女神","Miu Chu","女神Miu朱俐靜 存在的力量","./Music/女神Miu朱俐靜 存在的力量/Miu Chu - 女神.mp3","./Music/女神Miu朱俐靜 存在的力量/cover.jpg"
"存在的力量","Miu Chu","女神Miu朱俐靜 存在的力量","./Music/女神Miu朱俐靜 存在的力量/Miu Chu - 存在的力量.mp3","./Music/女神Miu朱俐靜 存在的力量/cover.jpg"
"愧","Miu Chu","女神Miu朱俐靜 存在的力量","./Music/女神Miu朱俐靜 存在的力量/Miu Chu - 愧.mp3","./Music/女神Miu朱俐靜 存在的力量/cover.jpg"
"我會在你身邊","Miu Chu","女神Miu朱俐靜 存在的力量","./Music/女神Miu朱俐靜 存在的力量/Miu Chu - 我會在你身邊.mp3","./Music/女神Miu朱俐靜 存在的力量/cover.jpg"
"相愛的模樣","Miu Chu","女神Miu朱俐靜 存在的力量","./Music/女神Miu朱俐靜 存在的力量/Miu Chu - 相愛的模樣.mp3","./Music/女神Miu朱俐靜 存在的力量/cover.jpg"
"人前人後","Ada Zhuang","好可惜","./Music/好可惜/Ada Zhuang - 人前人後.mp3","./Music/好可惜/cover.jpg"
"兩個人的回憶一個人過","Ada Zhuang","好可惜","./Music/好可惜/Ada Zhuang - 兩個人的回憶一個人過.mp3","./Music/好可惜/cover.jpg"
"回頭草","Ada Zhuang","好可惜","./Music/好可惜/Ada Zhuang - 回頭草.mp3","./Music/好可惜/cover.jpg"
"好可惜","Ada Zhuang","好可惜","./Music/好可惜/Ada Zhuang - 好可惜.mp3","./Music/好可惜/cover.jpg"
"好自為之 - 粵語","Ada Zhuang","好可惜","./Music/好可惜/Ada Zhuang - 好自為之 - 粵語.mp3","./Music/好可惜/cover.jpg"
"愛你就要嫁給你","Ada Zhuang","好可惜","./Music/好可惜/Ada Zhuang - 愛你就要嫁給你.mp3","./Music/好可惜/cover.jpg"
"愛的祝福","Ada Zhuang","好可惜","./Music/好可惜/Ada Zhuang - 愛的祝福.mp3","./Music/好可惜/cover.jpg"
"我以為","Ada Zhuang","好可惜","./Music/好可惜/Ada Zhuang - 我以為.mp3","./Music/好可惜/cover.jpg"
"最美的紀念","Ada Zhuang","好可惜","./Music/好可惜/Ada Zhuang - 最美的紀念.mp3","./Music/好可惜/cover.jpg"
"有愛就不怕","Ada Zhuang","好可惜","./Music/好可惜/Ada Zhuang - 有愛就不怕.mp3","./Music/好可惜/cover.jpg"
"熱戀過後","Ada Zhuang","好可惜","./Music/好可惜/Ada Zhuang - 熱戀過後.mp3","./Music/好可惜/cover.jpg"
"落單的戀人","Ada Zhuang","好可惜","./Music/好可惜/Ada Zhuang - 落單的戀人.mp3","./Music/好可惜/cover.jpg"
"飄洋過海的魚","Ada Zhuang","好可惜","./Music/好可惜/Ada Zhuang - 飄洋過海的魚.mp3","./Music/好可惜/cover.jpg"
"追浮雲的人","Rachel Liang","好好對待她","./Music/好好對待她/Rachel Liang - 追浮雲的人.mp3","./Music/好好對待她/cover.jpg"
"還能幸福嗎","Rachel Liang","好好對待她","./Music/好好對待她/Rachel Liang - 還能幸福嗎.mp3","./Music/好好對待她/cover.jpg"
"如果有一件事是重要的","Sandee Chan","如果有一件事是重要的","./Music/如果有一件事是重要的/Sandee Chan - 如果有一件事是重要的.mp3","./Music/如果有一件事是重要的/cover.jpg"
"演歌","Sandee Chan","如果有一件事是重要的","./Music/如果有一件事是重要的/Sandee Chan - 演歌.mp3","./Music/如果有一件事是重要的/cover.jpg"
"蘋果花","Sandee Chan","如果有一件事是重要的","./Music/如果有一件事是重要的/Sandee Chan - 蘋果花.mp3","./Music/如果有一件事是重要的/cover.jpg"
"末班車","Ricky Hsiao","孤獨的和弦","./Music/孤獨的和弦/Ricky Hsiao - 末班車.mp3","./Music/孤獨的和弦/cover.jpg"
"不留","Faye Wong","將愛","./Music/將愛/Faye Wong - 不留.mp3","./Music/將愛/cover.jpg"
"乘客","Faye Wong","將愛","./Music/將愛/Faye Wong - 乘客.mp3","./Music/將愛/cover.jpg"
"四月雪","Faye Wong","將愛","./Music/將愛/Faye Wong - 四月雪.mp3","./Music/將愛/cover.jpg"
"夜妝","Faye Wong","將愛","./Music/將愛/Faye Wong - 夜妝.mp3","./Music/將愛/cover.jpg"
"將愛","Faye Wong","將愛","./Music/將愛/Faye Wong - 將愛.mp3","./Music/將愛/cover.jpg"
"旋木","Faye Wong","將愛","./Music/將愛/Faye Wong - 旋木.mp3","./Music/將愛/cover.jpg"
"空城","Faye Wong","將愛","./Music/將愛/Faye Wong - 空城.mp3","./Music/將愛/cover.jpg"
"美錯","Faye Wong","將愛","./Music/將愛/Faye Wong - 美錯.mp3","./Music/將愛/cover.jpg"
"菸","Faye Wong","將愛","./Music/將愛/Faye Wong - 菸.mp3","./Music/將愛/cover.jpg"
"陽寶","Faye Wong","將愛","./Music/將愛/Faye Wong - 陽寶.mp3","./Music/將愛/cover.jpg"
"Fire Dancer","詹雯婷","小太空","./Music/小太空/詹雯婷 - Fire Dancer.mp3","./Music/小太空/cover.jpg"
"你說","詹雯婷","小太空","./Music/小太空/詹雯婷 - 你說.mp3","./Music/小太空/cover.jpg"
"原罪","詹雯婷","小太空","./Music/小太空/詹雯婷 - 原罪.mp3","./Music/小太空/cover.jpg"
"另一端","詹雯婷","小太空","./Music/小太空/詹雯婷 - 另一端.mp3","./Music/小太空/cover.jpg"
"河畔","詹雯婷","小太空","./Music/小太空/詹雯婷 - 河畔.mp3","./Music/小太空/cover.jpg"
"洞","詹雯婷","小太空","./Music/小太空/詹雯婷 - 洞.mp3","./Music/小太空/cover.jpg"
"繁華市集","詹雯婷","小太空","./Music/小太空/詹雯婷 - 繁華市集.mp3","./Music/小太空/cover.jpg"
"蒼穹","詹雯婷","小太空","./Music/小太空/詹雯婷 - 蒼穹.mp3","./Music/小太空/cover.jpg"
"象牙塔","詹雯婷","小太空","./Music/小太空/詹雯婷 - 象牙塔.mp3","./Music/小太空/cover.jpg"
"受夠","Eric Chou","小時候的我們","./Music/小時候的我們/Eric Chou - 受夠.mp3","./Music/小時候的我們/cover.jpg"
"小時候的我們","Eric Chou","小時候的我們","./Music/小時候的我們/Eric Chou - 小時候的我們.mp3","./Music/小時候的我們/cover.jpg"
"相信愛","Eric Chou","小時候的我們","./Music/小時候的我們/Eric Chou - 相信愛.mp3","./Music/小時候的我們/cover.jpg"
"左手指月 (電視劇《香蜜沉沉燼如霜》片尾曲)","Sa Dingding","左手指月 (電視劇《香蜜沉沉燼如霜》片尾曲)","./Music/左手指月/Sa Dingding - 左手指月 (電視劇《香蜜沉沉燼如霜》片尾曲).mp3","./Music/左手指月/cover.jpg"
"一葷一素","Mao Buyi","平凡的一天","./Music/平凡的一天/Mao Buyi - 一葷一素.mp3","./Music/平凡的一天/cover.jpg"
"借","Mao Buyi","平凡的一天","./Music/平凡的一天/Mao Buyi - 借.mp3","./Music/平凡的一天/cover.jpg"
"像我這樣的人","Mao Buyi","平凡的一天","./Music/平凡的一天/Mao Buyi - 像我這樣的人.mp3","./Music/平凡的一天/cover.jpg"
"南一道街","Mao Buyi","平凡的一天","./Music/平凡的一天/Mao Buyi - 南一道街.mp3","./Music/平凡的一天/cover.jpg"
"哎喲","Mao Buyi","平凡的一天","./Music/平凡的一天/Mao Buyi - 哎喲.mp3","./Music/平凡的一天/cover.jpg"
"如果有一天我變得很有錢","Mao Buyi","平凡的一天","./Music/平凡的一天/Mao Buyi - 如果有一天我變得很有錢.mp3","./Music/平凡的一天/cover.jpg"
"平凡的一天","Mao Buyi","平凡的一天","./Music/平凡的一天/Mao Buyi - 平凡的一天.mp3","./Music/平凡的一天/cover.jpg"
"想你想你","Mao Buyi","平凡的一天","./Music/平凡的一天/Mao Buyi - 想你想你.mp3","./Music/平凡的一天/cover.jpg"
"消愁","Mao Buyi","平凡的一天","./Music/平凡的一天/Mao Buyi - 消愁.mp3","./Music/平凡的一天/cover.jpg"
"盛夏","Mao Buyi","平凡的一天","./Music/平凡的一天/Mao Buyi - 盛夏.mp3","./Music/平凡的一天/cover.jpg"
"給你給我","Mao Buyi","平凡的一天","./Music/平凡的一天/Mao Buyi - 給你給我.mp3","./Music/平凡的一天/cover.jpg"
"芬芳一生","Mao Buyi","平凡的一天","./Music/平凡的一天/Mao Buyi - 芬芳一生.mp3","./Music/平凡的一天/cover.jpg"
"在此山中","Mao Buyi","幼鳥指南","./Music/幼鳥指南/Mao Buyi - 在此山中.mp3","./Music/幼鳥指南/cover.jpg"
"城市傍晚","Mao Buyi","幼鳥指南","./Music/幼鳥指南/Mao Buyi - 城市傍晚.mp3","./Music/幼鳥指南/cover.jpg"
"幼鳥指南","Mao Buyi","幼鳥指南","./Music/幼鳥指南/Mao Buyi - 幼鳥指南.mp3","./Music/幼鳥指南/cover.jpg"
"愛啊","Mao Buyi","幼鳥指南","./Music/幼鳥指南/Mao Buyi - 愛啊.mp3","./Music/幼鳥指南/cover.jpg"
"或者我擁抱你","Mao Buyi","幼鳥指南","./Music/幼鳥指南/Mao Buyi - 或者我擁抱你.mp3","./Music/幼鳥指南/cover.jpg"
"於是沒有洗頭","Mao Buyi","幼鳥指南","./Music/幼鳥指南/Mao Buyi - 於是沒有洗頭.mp3","./Music/幼鳥指南/cover.jpg"
"旅行家說","Mao Buyi","幼鳥指南","./Music/幼鳥指南/Mao Buyi - 旅行家說.mp3","./Music/幼鳥指南/cover.jpg"
"海上日記","Mao Buyi","幼鳥指南","./Music/幼鳥指南/Mao Buyi - 海上日記.mp3","./Music/幼鳥指南/cover.jpg"
"純淨無比","Mao Buyi","幼鳥指南","./Music/幼鳥指南/Mao Buyi - 純淨無比.mp3","./Music/幼鳥指南/cover.jpg"
"縫隙之人","Mao Buyi","幼鳥指南","./Music/幼鳥指南/Mao Buyi - 縫隙之人.mp3","./Music/幼鳥指南/cover.jpg"
"若有緣由","Mao Buyi","幼鳥指南","./Music/幼鳥指南/Mao Buyi - 若有緣由.mp3","./Music/幼鳥指南/cover.jpg"
"到此為止","LaLa Hsu","心裡學","./Music/心裡學/LaLa Hsu - 到此為止.mp3","./Music/心裡學/cover.jpg"
"大頭仔","LaLa Hsu","心裡學","./Music/心裡學/LaLa Hsu - 大頭仔.mp3","./Music/心裡學/cover.jpg"
"是日救星","LaLa Hsu","心裡學","./Music/心裡學/LaLa Hsu - 是日救星.mp3","./Music/心裡學/cover.jpg"
"灰色","LaLa Hsu","心裡學","./Music/心裡學/LaLa Hsu - 灰色.mp3","./Music/心裡學/cover.jpg"
"現在不跳舞要幹嘛","LaLa Hsu","心裡學","./Music/心裡學/LaLa Hsu - 現在不跳舞要幹嘛.mp3","./Music/心裡學/cover.jpg"
"病人","LaLa Hsu","心裡學","./Music/心裡學/LaLa Hsu - 病人.mp3","./Music/心裡學/cover.jpg"
"言不由衷","LaLa Hsu","心裡學","./Music/心裡學/LaLa Hsu - 言不由衷.mp3","./Music/心裡學/cover.jpg"
"記得帶走","LaLa Hsu","心裡學","./Music/心裡學/LaLa Hsu - 記得帶走.mp3","./Music/心裡學/cover.jpg"
"一笑置之","Christine Fan","恰如其分的自己","./Music/恰如其分的自己/Christine Fan - 一笑置之.mp3","./Music/恰如其分的自己/cover.jpg"
"不忘","Christine Fan","恰如其分的自己","./Music/恰如其分的自己/Christine Fan - 不忘.mp3","./Music/恰如其分的自己/cover.jpg"
"恰如其分的自己","Christine Fan","恰如其分的自己","./Music/恰如其分的自己/Christine Fan - 恰如其分的自己.mp3","./Music/恰如其分的自己/cover.jpg"
"畏光","Christine Fan","恰如其分的自己","./Music/恰如其分的自己/Christine Fan - 畏光.mp3","./Music/恰如其分的自己/cover.jpg"
"百憂解","Christine Fan","恰如其分的自己","./Music/恰如其分的自己/Christine Fan - 百憂解.mp3","./Music/恰如其分的自己/cover.jpg"
"自修室日記","Christine Fan","恰如其分的自己","./Music/恰如其分的自己/Christine Fan - 自修室日記.mp3","./Music/恰如其分的自己/cover.jpg"
"惑者","Who Cares 胡凱兒","惑者","./Music/惑者/Who Cares 胡凱兒 - 惑者.mp3","./Music/惑者/cover.jpg"
"4/7","貝克小姐Miss Bac.","愛之船","./Music/愛之船/貝克小姐Miss Bac. - 47.mp3","./Music/愛之船/cover.jpg"
"不敢在夢裡面對夢醒的感受","貝克小姐Miss Bac.","愛之船","./Music/愛之船/貝克小姐Miss Bac. - 不敢在夢裡面對夢醒的感受.mp3","./Music/愛之船/cover.jpg"
"或許這裡","貝克小姐Miss Bac.","愛之船","./Music/愛之船/貝克小姐Miss Bac. - 或許這裡.mp3","./Music/愛之船/cover.jpg"
"倒帶","Jam Hsiao","愛的時刻 自選輯","./Music/愛的時刻 自選輯/Jam Hsiao - 倒帶.mp3","./Music/愛的時刻 自選輯/cover.jpg"
"夢一場","Jam Hsiao","愛的時刻 自選輯","./Music/愛的時刻 自選輯/Jam Hsiao - 夢一場.mp3","./Music/愛的時刻 自選輯/cover.jpg"
"新不了情","Jam Hsiao","愛的時刻 自選輯","./Music/愛的時刻 自選輯/Jam Hsiao - 新不了情.mp3","./Music/愛的時刻 自選輯/cover.jpg"
"開到荼靡","Jam Hsiao","愛的時刻 自選輯","./Music/愛的時刻 自選輯/Jam Hsiao - 開到荼靡.mp3","./Music/愛的時刻 自選輯/cover.jpg"
"Only One I Care","Jess Lee","愛的風暴","./Music/愛的風暴/Jess Lee - Only One I Care.mp3","./Music/愛的風暴/cover.jpg"
"你敢我就敢","Jess Lee","愛的風暴","./Music/愛的風暴/Jess Lee - 你敢我就敢.mp3","./Music/愛的風暴/cover.jpg"
"學會不堅強","Jess Lee","愛的風暴","./Music/愛的風暴/Jess Lee - 學會不堅強.mp3","./Music/愛的風暴/cover.jpg"
"擁抱不算愛情","Jess Lee","愛的風暴","./Music/愛的風暴/Jess Lee - 擁抱不算愛情.mp3","./Music/愛的風暴/cover.jpg"
"暴風雪","Jess Lee","愛的風暴","./Music/愛的風暴/Jess Lee - 暴風雪.mp3","./Music/愛的風暴/cover.jpg"
"最好的幸福","Jess Lee","愛的風暴","./Music/愛的風暴/Jess Lee - 最好的幸福.mp3","./Music/愛的風暴/cover.jpg"
"鍊愛","Jess Lee","愛的風暴","./Music/愛的風暴/Jess Lee - 鍊愛.mp3","./Music/愛的風暴/cover.jpg"
"分隔線","Jess Lee","感謝愛人","./Music/感謝愛人/Jess Lee - 分隔線.mp3","./Music/感謝愛人/cover.jpg"
"大火","Jess Lee","感謝愛人","./Music/感謝愛人/Jess Lee - 大火.mp3","./Music/感謝愛人/cover.jpg"
"如果愛是星光","Jess Lee","感謝愛人","./Music/感謝愛人/Jess Lee - 如果愛是星光.mp3","./Music/感謝愛人/cover.jpg"
"煎熬","Jess Lee","感謝愛人","./Music/感謝愛人/Jess Lee - 煎熬.mp3","./Music/感謝愛人/cover.jpg"
"離場","Jess Lee","感謝愛人","./Music/感謝愛人/Jess Lee - 離場.mp3","./Music/感謝愛人/cover.jpg"
"Dancing in the Rain","Karen Mok","我们在中场相遇","./Music/我們在中場相遇/Karen Mok - Dancing in the Rain.mp3","./Music/我們在中場相遇/cover.jpg"
"I Do","Karen Mok","我们在中场相遇","./Music/我們在中場相遇/Karen Mok - I Do.mp3","./Music/我們在中場相遇/cover.jpg"
"不待续","Karen Mok","我们在中场相遇","./Music/我們在中場相遇/Karen Mok - 不待续.mp3","./Music/我們在中場相遇/cover.jpg"
"中场没有休息","Karen Mok","我们在中场相遇","./Music/我們在中場相遇/Karen Mok - 中场没有休息.mp3","./Music/我們在中場相遇/cover.jpg"
"半生缘 (我们在这里相遇)","Karen Mok","我们在中场相遇","./Music/我們在中場相遇/Karen Mok - 半生缘 (我们在这里相遇).mp3","./Music/我們在中場相遇/cover.jpg"
"天一半 地一半","Karen Mok","我们在中场相遇","./Music/我們在中場相遇/Karen Mok - 天一半 地一半.mp3","./Music/我們在中場相遇/cover.jpg"
"如初之光","Karen Mok","我们在中场相遇","./Music/我們在中場相遇/Karen Mok - 如初之光.mp3","./Music/我們在中場相遇/cover.jpg"
"心领神会","Karen Mok","我们在中场相遇","./Music/我們在中場相遇/Karen Mok - 心领神会.mp3","./Music/我們在中場相遇/cover.jpg"
"慢慢喜欢你","Karen Mok","我们在中场相遇","./Music/我們在中場相遇/Karen Mok - 慢慢喜欢你.mp3","./Music/我們在中場相遇/cover.jpg"
"绝","Karen Mok","我们在中场相遇","./Music/我們在中場相遇/Karen Mok - 绝.mp3","./Music/我們在中場相遇/cover.jpg"
"飞","Karen Mok","我们在中场相遇","./Music/我們在中場相遇/Karen Mok - 飞.mp3","./Music/我們在中場相遇/cover.jpg"
"以你的名字呼喊我","Fish Leong","我好嗎? - 太陽如常升起","./Music/我好嗎？太陽如常升起/Fish Leong - 以你的名字呼喊我.mp3","./Music/我好嗎？太陽如常升起/cover.jpg"
"太陽如常升起 Ⅰ","Fish Leong","我好嗎? - 太陽如常升起","./Music/我好嗎？太陽如常升起/Fish Leong - 太陽如常升起 Ⅰ.mp3","./Music/我好嗎？太陽如常升起/cover.jpg"
"如愛所願","Fish Leong","我好嗎? - 太陽如常升起","./Music/我好嗎？太陽如常升起/Fish Leong - 如愛所願.mp3","./Music/我好嗎？太陽如常升起/cover.jpg"
"子非魚","Fish Leong","我好嗎? - 太陽如常升起","./Music/我好嗎？太陽如常升起/Fish Leong - 子非魚.mp3","./Music/我好嗎？太陽如常升起/cover.jpg"
"完整的我","Fish Leong","我好嗎? - 太陽如常升起","./Music/我好嗎？太陽如常升起/Fish Leong - 完整的我.mp3","./Music/我好嗎？太陽如常升起/cover.jpg"
"平行時空","Fish Leong","我好嗎? - 太陽如常升起","./Music/我好嗎？太陽如常升起/Fish Leong - 平行時空.mp3","./Music/我好嗎？太陽如常升起/cover.jpg"
"微光","Fish Leong","我好嗎? - 太陽如常升起","./Music/我好嗎？太陽如常升起/Fish Leong - 微光.mp3","./Music/我好嗎？太陽如常升起/cover.jpg"
"慢冷","Fish Leong","我好嗎? - 太陽如常升起","./Music/我好嗎？太陽如常升起/Fish Leong - 慢冷.mp3","./Music/我好嗎？太陽如常升起/cover.jpg"
"我好嗎","Fish Leong","我好嗎? - 太陽如常升起","./Music/我好嗎？太陽如常升起/Fish Leong - 我好嗎.mp3","./Music/我好嗎？太陽如常升起/cover.jpg"
"類情人","Fish Leong","我好嗎? - 太陽如常升起","./Music/我好嗎？太陽如常升起/Fish Leong - 類情人.mp3","./Music/我好嗎？太陽如常升起/cover.jpg"
"愛情的微光","Elva Hsiao","我愛我","./Music/我愛我/Elva Hsiao - 愛情的微光.mp3","./Music/我愛我/cover.jpg"
"我愛我","Elva Hsiao","我愛我","./Music/我愛我/Elva Hsiao - 我愛我.mp3","./Music/我愛我/cover.jpg"
"逞強","Elva Hsiao","我愛我","./Music/我愛我/Elva Hsiao - 逞強.mp3","./Music/我愛我/cover.jpg"
"餘溫","Elva Hsiao","我愛我","./Music/我愛我/Elva Hsiao - 餘溫.mp3","./Music/我愛我/cover.jpg"
"鬆鬆","Elva Hsiao","我愛我","./Music/我愛我/Elva Hsiao - 鬆鬆.mp3","./Music/我愛我/cover.jpg"
"少女輓歌","DSPS","我會不會又睡到下午了","./Music/我會不會又睡到下午了/DSPS - 少女輓歌.mp3","./Music/我會不會又睡到下午了/cover.jpg"
"我會不會又睡到下午了","DSPS","我會不會又睡到下午了","./Music/我會不會又睡到下午了/DSPS - 我會不會又睡到下午了.mp3","./Music/我會不會又睡到下午了/cover.jpg"
"溫柔的生活革命","DSPS","我會不會又睡到下午了","./Music/我會不會又睡到下午了/DSPS - 溫柔的生活革命.mp3","./Music/我會不會又睡到下午了/cover.jpg"
"等雨","Hu Xia","拾","./Music/拾/Hu Xia - 等雨.mp3","./Music/拾/cover.jpg"
"花期","Hu Xia","拾","./Music/拾/Hu Xia - 花期.mp3","./Music/拾/cover.jpg"
"前往風光明媚的路上","Theseus 忒修斯","掠交替","./Music/掠交替/Theseus 忒修斯 - 前往風光明媚的路上.mp3","./Music/掠交替/cover.jpg"
"孤島燈塔","Theseus 忒修斯","掠交替","./Music/掠交替/Theseus 忒修斯 - 孤島燈塔.mp3","./Music/掠交替/cover.jpg"
"愚人","Theseus 忒修斯","掠交替","./Music/掠交替/Theseus 忒修斯 - 愚人.mp3","./Music/掠交替/cover.jpg"
"掠交替","Theseus 忒修斯","掠交替","./Music/掠交替/Theseus 忒修斯 - 掠交替.mp3","./Music/掠交替/cover.jpg"
"Fly Away","G.E.M.","摩天動物園","./Music/摩天動物園/G.E.M. - Fly Away.mp3","./Music/摩天動物園/cover.jpg"
"WALK ON WATER","G.E.M.","摩天動物園","./Music/摩天動物園/G.E.M. - WALK ON WATER.mp3","./Music/摩天動物園/cover.jpg"
"依然睡公主","G.E.M.","摩天動物園","./Music/摩天動物園/G.E.M. - 依然睡公主.mp3","./Music/摩天動物園/cover.jpg"
"句號","G.E.M.","摩天動物園","./Music/摩天動物園/G.E.M. - 句號.mp3","./Music/摩天動物園/cover.jpg"
"多美麗","G.E.M.","摩天動物園","./Music/摩天動物園/G.E.M. - 多美麗.mp3","./Music/摩天動物園/cover.jpg"
"好想好想你","G.E.M.","摩天動物園","./Music/摩天動物園/G.E.M. - 好想好想你.mp3","./Music/摩天動物園/cover.jpg"
"差不多姑娘","G.E.M.","摩天動物園","./Music/摩天動物園/G.E.M. - 差不多姑娘.mp3","./Music/摩天動物園/cover.jpg"
"很久以後 - 電影《可不可以,你也剛好喜歡我》主題曲","G.E.M.","摩天動物園","./Music/摩天動物園/G.E.M. - 很久以後 - 電影《可不可以,你也剛好喜歡我》主題曲.mp3","./Music/摩天動物園/cover.jpg"
"摩天動物園","G.E.M.","摩天動物園","./Music/摩天動物園/G.E.M. - 摩天動物園.mp3","./Music/摩天動物園/cover.jpg"
"灰狼","G.E.M.","摩天動物園","./Music/摩天動物園/G.E.M. - 灰狼.mp3","./Music/摩天動物園/cover.jpg"
"螢火","G.E.M.","摩天動物園","./Music/摩天動物園/G.E.M. - 螢火.mp3","./Music/摩天動物園/cover.jpg"
"透明","G.E.M.","摩天動物園","./Music/摩天動物園/G.E.M. - 透明.mp3","./Music/摩天動物園/cover.jpg"
"一個人不可能","Della","敢愛敢當","./Music/敢愛敢當/Della - 一個人不可能.mp3","./Music/敢愛敢當/cover.jpg"
"不是你的錯","Della","敢愛敢當","./Music/敢愛敢當/Della - 不是你的錯.mp3","./Music/敢愛敢當/cover.jpg"
"幸福的可能","Della","敢愛敢當","./Music/敢愛敢當/Della - 幸福的可能.mp3","./Music/敢愛敢當/cover.jpg"
"我就是喜歡這樣","Della","敢愛敢當","./Music/敢愛敢當/Della - 我就是喜歡這樣.mp3","./Music/敢愛敢當/cover.jpg"
"我沒那麼愛你","Della","敢愛敢當","./Music/敢愛敢當/Della - 我沒那麼愛你.mp3","./Music/敢愛敢當/cover.jpg"
"手掌心","Della","敢愛敢當","./Music/敢愛敢當/Della - 手掌心.mp3","./Music/敢愛敢當/cover.jpg"
"敢愛敢當","Della","敢愛敢當","./Music/敢愛敢當/Della - 敢愛敢當.mp3","./Music/敢愛敢當/cover.jpg"
"親人","Della","敢愛敢當","./Music/敢愛敢當/Della - 親人.mp3","./Music/敢愛敢當/cover.jpg"
"我愛他","丁当","敢愛敢當","./Music/敢愛敢當/丁当 - 我愛他.mp3","./Music/敢愛敢當/cover.jpg"
"人類 (Animal)","VH (Vast & Hazy)","文明 (The Great Beyond)","./Music/文明/VH (Vast & Hazy) - 人類 (Animal).mp3","./Music/文明/cover.jpg"
"全員病態就沒人算怪胎 (Anywhere but Here, Any Moment but Now)","VH (Vast & Hazy)","文明 (The Great Beyond)","./Music/文明/VH (Vast & Hazy) - 全員病態就沒人算怪胎 (Anywhere but Here, Any Moment but Now).mp3","./Music/文明/cover.jpg"
"夜行樂園 (ibasho)","VH (Vast & Hazy)","文明 (The Great Beyond)","./Music/文明/VH (Vast & Hazy) - 夜行樂園 (ibasho).mp3","./Music/文明/cover.jpg"
"我完美的愛情 (Anglerfish's Love)","VH (Vast & Hazy)","文明 (The Great Beyond)","./Music/文明/VH (Vast & Hazy) - 我完美的愛情 (Anglerfish's Love).mp3","./Music/文明/cover.jpg"
"文明 (The Great Beyond)","VH (Vast & Hazy)","文明 (The Great Beyond)","./Music/文明/VH (Vast & Hazy) - 文明 (The Great Beyond).mp3","./Music/文明/cover.jpg"
"柔軟的監牢 (Where’s Blue Fairy)","VH (Vast & Hazy)","文明 (The Great Beyond)","./Music/文明/VH (Vast & Hazy) - 柔軟的監牢 (Where’s Blue Fairy).mp3","./Music/文明/cover.jpg"
"無差別傷害 (In the Dark)","VH (Vast & Hazy)","文明 (The Great Beyond)","./Music/文明/VH (Vast & Hazy) - 無差別傷害 (In the Dark).mp3","./Music/文明/cover.jpg"
"被壞妄想 (Gunshot in Peace)","VH (Vast & Hazy)","文明 (The Great Beyond)","./Music/文明/VH (Vast & Hazy) - 被壞妄想 (Gunshot in Peace).mp3","./Music/文明/cover.jpg"
"複寫 (More)","VH (Vast & Hazy)","文明 (The Great Beyond)","./Music/文明/VH (Vast & Hazy) - 複寫 (More).mp3","./Music/文明/cover.jpg"
"雨季森林 (Don’t Rain on Me)","VH (Vast & Hazy)","文明 (The Great Beyond)","./Music/文明/VH (Vast & Hazy) - 雨季森林 (Don’t Rain on Me).mp3","./Music/文明/cover.jpg"
"Take Me Away","WeiBird","明天再見","./Music/明天再見/WeiBird - Take Me Away.mp3","./Music/明天再見/cover.jpg"
"七月","WeiBird","明天再見","./Music/明天再見/WeiBird - 七月.mp3","./Music/明天再見/cover.jpg"
"不都是漫長的道別","WeiBird","明天再見","./Music/明天再見/WeiBird - 不都是漫長的道別.mp3","./Music/明天再見/cover.jpg"
"世界上最重要的人","WeiBird","明天再見","./Music/明天再見/WeiBird - 世界上最重要的人.mp3","./Music/明天再見/cover.jpg"
"巷口那間","WeiBird","明天再見","./Music/明天再見/WeiBird - 巷口那間.mp3","./Music/明天再見/cover.jpg"
"忽然","WeiBird","明天再見","./Music/明天再見/WeiBird - 忽然.mp3","./Music/明天再見/cover.jpg"
"明天再見","WeiBird","明天再見","./Music/明天再見/WeiBird - 明天再見.mp3","./Music/明天再見/cover.jpg"
"沒有人想念沒離開的人","WeiBird","明天再見","./Music/明天再見/WeiBird - 沒有人想念沒離開的人.mp3","./Music/明天再見/cover.jpg"
"假象","Who Cares 胡凱兒","昨天","./Music/昨天/Who Cares 胡凱兒 - 假象.mp3","./Music/昨天/cover.jpg"
"停靠","Who Cares 胡凱兒","昨天","./Music/昨天/Who Cares 胡凱兒 - 停靠.mp3","./Music/昨天/cover.jpg"
"如何","Who Cares 胡凱兒","昨天","./Music/昨天/Who Cares 胡凱兒 - 如何.mp3","./Music/昨天/cover.jpg"
"菸癮","Who Cares 胡凱兒","昨天","./Music/昨天/Who Cares 胡凱兒 - 菸癮.mp3","./Music/昨天/cover.jpg"
"19歲的秋天之歌","DSPS","時間的產物","./Music/時間的產物/DSPS - 19歲的秋天之歌.mp3","./Music/時間的產物/cover.jpg"
"D.S.P.S.","DSPS","時間的產物","./Music/時間的產物/DSPS - D.S.P.S..mp3","./Music/時間的產物/cover.jpg"
"Unconscious","DSPS","時間的產物","./Music/時間的產物/DSPS - Unconscious.mp3","./Music/時間的產物/cover.jpg"
"住在你的腦袋","DSPS","時間的產物","./Music/時間的產物/DSPS - 住在你的腦袋.mp3","./Music/時間的產物/cover.jpg"
"冬天再去見你","DSPS","時間的產物","./Music/時間的產物/DSPS - 冬天再去見你.mp3","./Music/時間的產物/cover.jpg"
"夢","DSPS","時間的產物","./Music/時間的產物/DSPS - 夢.mp3","./Music/時間的產物/cover.jpg"
"成為日常","DSPS","時間的產物","./Music/時間的產物/DSPS - 成為日常.mp3","./Music/時間的產物/cover.jpg"
"我想進入感情的海洋","DSPS","時間的產物","./Music/時間的產物/DSPS - 我想進入感情的海洋.mp3","./Music/時間的產物/cover.jpg"
"時間的產物","DSPS","時間的產物","./Music/時間的產物/DSPS - 時間的產物.mp3","./Music/時間的產物/cover.jpg"
"自由是在不自由中才看得見的","DSPS","時間的產物","./Music/時間的產物/DSPS - 自由是在不自由中才看得見的.mp3","./Music/時間的產物/cover.jpg"
"两个人","Ronghao Li","模特","./Music/模特/Ronghao Li - 两个人.mp3","./Music/模特/cover.jpg"
"太坦白","Ronghao Li","模特","./Music/模特/Ronghao Li - 太坦白.mp3","./Music/模特/cover.jpg"
"拜拜","Ronghao Li","模特","./Music/模特/Ronghao Li - 拜拜.mp3","./Music/模特/cover.jpg"
"有一个姑娘","Ronghao Li","模特","./Music/模特/Ronghao Li - 有一个姑娘.mp3","./Music/模特/cover.jpg"
"李白","Ronghao Li","模特","./Music/模特/Ronghao Li - 李白.mp3","./Music/模特/cover.jpg"
"模特","Ronghao Li","模特","./Music/模特/Ronghao Li - 模特.mp3","./Music/模特/cover.jpg"
"演员和歌手 (feat. 陈坤)","Ronghao Li/陈坤","模特","./Music/模特/Ronghao Li - 演员和歌手 (feat. 陈坤).mp3","./Music/模特/cover.jpg"
"老伴","Ronghao Li","模特","./Music/模特/Ronghao Li - 老伴.mp3","./Music/模特/cover.jpg"
"歸屬","VH (Vast & Hazy)","次等秘密","./Music/次等秘密/VH (Vast & Hazy) - 歸屬.mp3","./Music/次等秘密/cover.jpg"
"與浪之間","VH (Vast & Hazy)","次等秘密","./Music/次等秘密/VH (Vast & Hazy) - 與浪之間.mp3","./Music/次等秘密/cover.jpg"
"食人夢","VH (Vast & Hazy)","次等秘密","./Music/次等秘密/VH (Vast & Hazy) - 食人夢.mp3","./Music/次等秘密/cover.jpg"
"yet,","VH (Vast & Hazy)","求救訊號","./Music/求救訊號/VH (Vast & Hazy) - yet,.mp3","./Music/求救訊號/cover.jpg"
"下次見","VH (Vast & Hazy)","求救訊號","./Music/求救訊號/VH (Vast & Hazy) - 下次見.mp3","./Music/求救訊號/cover.jpg"
"尋光小路","VH (Vast & Hazy)","求救訊號","./Music/求救訊號/VH (Vast & Hazy) - 尋光小路.mp3","./Music/求救訊號/cover.jpg"
"我想成為你","VH (Vast & Hazy)","求救訊號","./Music/求救訊號/VH (Vast & Hazy) - 我想成為你.mp3","./Music/求救訊號/cover.jpg"
"拾起","VH (Vast & Hazy)","求救訊號","./Music/求救訊號/VH (Vast & Hazy) - 拾起.mp3","./Music/求救訊號/cover.jpg"
"指向你的線索","VH (Vast & Hazy)","求救訊號","./Music/求救訊號/VH (Vast & Hazy) - 指向你的線索.mp3","./Music/求救訊號/cover.jpg"
"故障","VH (Vast & Hazy)","求救訊號","./Music/求救訊號/VH (Vast & Hazy) - 故障.mp3","./Music/求救訊號/cover.jpg"
"求救訊號","VH (Vast & Hazy)","求救訊號","./Music/求救訊號/VH (Vast & Hazy) - 求救訊號.mp3","./Music/求救訊號/cover.jpg"
"獨一","VH (Vast & Hazy)","求救訊號","./Music/求救訊號/VH (Vast & Hazy) - 獨一.mp3","./Music/求救訊號/cover.jpg"
"關於青春","VH (Vast & Hazy)","求救訊號","./Music/求救訊號/VH (Vast & Hazy) - 關於青春.mp3","./Music/求救訊號/cover.jpg"
"上台","Mixer","沒名字的人類","./Music/沒名字的人類/Mixer - 上台.mp3","./Music/沒名字的人類/cover.jpg"
"内容","Mixer","沒名字的人類","./Music/沒名字的人類/Mixer - 内容.mp3","./Music/沒名字的人類/cover.jpg"
"向著南邊","Mixer","沒名字的人類","./Music/沒名字的人類/Mixer - 向著南邊.mp3","./Music/沒名字的人類/cover.jpg"
"沒名字的人類","Mixer","沒名字的人類","./Music/沒名字的人類/Mixer - 沒名字的人類.mp3","./Music/沒名字的人類/cover.jpg"
"話妝師","Mixer","沒名字的人類","./Music/沒名字的人類/Mixer - 話妝師.mp3","./Music/沒名字的人類/cover.jpg"
"誰","Mixer","沒名字的人類","./Music/沒名字的人類/Mixer - 誰.mp3","./Music/沒名字的人類/cover.jpg"
"Get Your Work Done","廖文強","活著是對命運最好的反抗","./Music/活著是對命運最好的反抗/廖文強 - Get Your Work Done.mp3","./Music/活著是對命運最好的反抗/cover.jpg"
"一步","廖文強","活著是對命運最好的反抗","./Music/活著是對命運最好的反抗/廖文強 - 一步.mp3","./Music/活著是對命運最好的反抗/cover.jpg"
"可不可以","廖文強","活著是對命運最好的反抗","./Music/活著是對命運最好的反抗/廖文強 - 可不可以.mp3","./Music/活著是對命運最好的反抗/cover.jpg"
"在一片黑暗之中等你找到我","廖文強","活著是對命運最好的反抗","./Music/活著是對命運最好的反抗/廖文強 - 在一片黑暗之中等你找到我.mp3","./Music/活著是對命運最好的反抗/cover.jpg"
"地底三萬呎","廖文強","活著是對命運最好的反抗","./Music/活著是對命運最好的反抗/廖文強 - 地底三萬呎.mp3","./Music/活著是對命運最好的反抗/cover.jpg"
"我敢活著(又怎麼會害怕死亡)","廖文強","活著是對命運最好的反抗","./Music/活著是對命運最好的反抗/廖文強 - 我敢活著(又怎麼會害怕死亡).mp3","./Music/活著是對命運最好的反抗/cover.jpg"
"習慣","廖文強","活著是對命運最好的反抗","./Music/活著是對命運最好的反抗/廖文強 - 習慣.mp3","./Music/活著是對命運最好的反抗/cover.jpg"
"背光的人","廖文強","活著是對命運最好的反抗","./Music/活著是對命運最好的反抗/廖文強 - 背光的人.mp3","./Music/活著是對命運最好的反抗/cover.jpg"
"適得其所的悲傷","廖文強","活著是對命運最好的反抗","./Music/活著是對命運最好的反抗/廖文強 - 適得其所的悲傷.mp3","./Music/活著是對命運最好的反抗/cover.jpg"
"左右","廖文強/吳汶芳","活著是對命運最好的反抗","./Music/活著是對命運最好的反抗/廖文強, 吳汶芳 - 左右.mp3","./Music/活著是對命運最好的反抗/cover.jpg"
"流浪","貝克小姐Miss Bac.","流浪","./Music/流浪/貝克小姐Miss Bac. - 流浪.mp3","./Music/流浪/cover.jpg"
"一縷執念","周深","深的深","./Music/深的深/周深 - 一縷執念.mp3","./Music/深的深/cover.jpg"
"哥哥","周深","深的深","./Music/深的深/周深 - 哥哥.mp3","./Music/深的深/cover.jpg"
"大魚 - 唱片版","周深","深的深","./Music/深的深/周深 - 大魚 - 唱片版.mp3","./Music/深的深/cover.jpg"
"妳 - 唱片版","周深","深的深","./Music/深的深/周深 - 妳 - 唱片版.mp3","./Music/深的深/cover.jpg"
"淺淺","周深","深的深","./Music/深的深/周深 - 淺淺.mp3","./Music/深的深/cover.jpg"
"玫瑰與小鹿 - 唱片版","周深","深的深","./Music/深的深/周深 - 玫瑰與小鹿 - 唱片版.mp3","./Music/深的深/cover.jpg"
"白牆","周深","深的深","./Music/深的深/周深 - 白牆.mp3","./Music/深的深/cover.jpg"
"藍色降落傘","周深","深的深","./Music/深的深/周深 - 藍色降落傘.mp3","./Music/深的深/cover.jpg"
"迎刃","周深","深的深","./Music/深的深/周深 - 迎刃.mp3","./Music/深的深/cover.jpg"
"風景","周深","深的深","./Music/深的深/周深 - 風景.mp3","./Music/深的深/cover.jpg"
"喜歡一個人","Zooey Wonder","游牧","./Music/游牧/Zooey Wonder - 喜歡一個人.mp3","./Music/游牧/cover.jpg"
"客廳裡的烏雲","Zooey Wonder","游牧","./Music/游牧/Zooey Wonder - 客廳裡的烏雲.mp3","./Music/游牧/cover.jpg"
"恰如其分的自尊","Zooey Wonder","游牧","./Music/游牧/Zooey Wonder - 恰如其分的自尊.mp3","./Music/游牧/cover.jpg"
"我們終會相聚","Zooey Wonder","游牧","./Music/游牧/Zooey Wonder - 我們終會相聚.mp3","./Music/游牧/cover.jpg"
"我連快樂都不敢了","Zooey Wonder","游牧","./Music/游牧/Zooey Wonder - 我連快樂都不敢了.mp3","./Music/游牧/cover.jpg"
"時間的河流","Zooey Wonder","游牧","./Music/游牧/Zooey Wonder - 時間的河流.mp3","./Music/游牧/cover.jpg"
"不醉不會","Hebe Tien","渺小","./Music/渺小/Hebe Tien - 不醉不會.mp3","./Music/渺小/cover.jpg"
"你就不要想起我","Hebe Tien","渺小","./Music/渺小/Hebe Tien - 你就不要想起我.mp3","./Music/渺小/cover.jpg"
"你快樂未必我快樂","Hebe Tien","渺小","./Music/渺小/Hebe Tien - 你快樂未必我快樂.mp3","./Music/渺小/cover.jpg"
"愛著愛著就永遠","Hebe Tien","渺小","./Music/渺小/Hebe Tien - 愛著愛著就永遠.mp3","./Music/渺小/cover.jpg"
"無常","Hebe Tien","渺小","./Music/渺小/Hebe Tien - 無常.mp3","./Music/渺小/cover.jpg"
"終身大事","Hebe Tien","渺小","./Music/渺小/Hebe Tien - 終身大事.mp3","./Music/渺小/cover.jpg"
"這個人已經與我無關","Hebe Tien","渺小","./Music/渺小/Hebe Tien - 這個人已經與我無關.mp3","./Music/渺小/cover.jpg"
"人什麼的最麻煩了","Hebe Tien","無人知曉","./Music/無人知曉/Hebe Tien - 人什麼的最麻煩了.mp3","./Music/無人知曉/cover.jpg"
"先知","Hebe Tien","無人知曉","./Music/無人知曉/Hebe Tien - 先知.mp3","./Music/無人知曉/cover.jpg"
"底里歇斯","Hebe Tien","無人知曉","./Music/無人知曉/Hebe Tien - 底里歇斯.mp3","./Music/無人知曉/cover.jpg"
"懸日","Hebe Tien","無人知曉","./Music/無人知曉/Hebe Tien - 懸日.mp3","./Music/無人知曉/cover.jpg"
"或是一首歌","Hebe Tien","無人知曉","./Music/無人知曉/Hebe Tien - 或是一首歌.mp3","./Music/無人知曉/cover.jpg"
"無人知曉","Hebe Tien","無人知曉","./Music/無人知曉/Hebe Tien - 無人知曉.mp3","./Music/無人知曉/cover.jpg"
"田","Hebe Tien","無人知曉","./Music/無人知曉/Hebe Tien - 田.mp3","./Music/無人知曉/cover.jpg"
"皆可","Hebe Tien","無人知曉","./Music/無人知曉/Hebe Tien - 皆可.mp3","./Music/無人知曉/cover.jpg"
"諷刺的情書","Hebe Tien","無人知曉","./Music/無人知曉/Hebe Tien - 諷刺的情書.mp3","./Music/無人知曉/cover.jpg"
"Dalala-Dila","Fan Yi Chen","無樂不作","./Music/無樂不作/Fan Yi Chen - Dalala-Dila.mp3","./Music/無樂不作/cover.jpg"
"I Believe","Fan Yi Chen","無樂不作","./Music/無樂不作/Fan Yi Chen - I Believe.mp3","./Music/無樂不作/cover.jpg"
"Love Story","Fan Yi Chen","無樂不作","./Music/無樂不作/Fan Yi Chen - Love Story.mp3","./Music/無樂不作/cover.jpg"
"Missing You","Fan Yi Chen","無樂不作","./Music/無樂不作/Fan Yi Chen - Missing You.mp3","./Music/無樂不作/cover.jpg"
"Piano","Fan Yi Chen","無樂不作","./Music/無樂不作/Fan Yi Chen - Piano.mp3","./Music/無樂不作/cover.jpg"
"Serena","Fan Yi Chen","無樂不作","./Music/無樂不作/Fan Yi Chen - Serena.mp3","./Music/無樂不作/cover.jpg"
"一直","Fan Yi Chen","無樂不作","./Music/無樂不作/Fan Yi Chen - 一直.mp3","./Music/無樂不作/cover.jpg"
"七道彩虹 - 7合1","Fan Yi Chen","無樂不作","./Music/無樂不作/Fan Yi Chen - 七道彩虹 - 7合1.mp3","./Music/無樂不作/cover.jpg"
"不說出的溫柔","Fan Yi Chen","無樂不作","./Music/無樂不作/Fan Yi Chen - 不說出的溫柔.mp3","./Music/無樂不作/cover.jpg"
"信仰愛情","Fan Yi Chen","無樂不作","./Music/無樂不作/Fan Yi Chen - 信仰愛情.mp3","./Music/無樂不作/cover.jpg"
"再說","Fan Yi Chen","無樂不作","./Music/無樂不作/Fan Yi Chen - 再說.mp3","./Music/無樂不作/cover.jpg"
"妳愛我嗎","Fan Yi Chen","無樂不作","./Music/無樂不作/Fan Yi Chen - 妳愛我嗎.mp3","./Music/無樂不作/cover.jpg"
"彩虹","Fan Yi Chen","無樂不作","./Music/無樂不作/Fan Yi Chen - 彩虹.mp3","./Music/無樂不作/cover.jpg"
"忘了愛","Fan Yi Chen","無樂不作","./Music/無樂不作/Fan Yi Chen - 忘了愛.mp3","./Music/無樂不作/cover.jpg"
"愛人放火","Fan Yi Chen","無樂不作","./Music/無樂不作/Fan Yi Chen - 愛人放火.mp3","./Music/無樂不作/cover.jpg"
"愛太遙遠","Fan Yi Chen","無樂不作","./Music/無樂不作/Fan Yi Chen - 愛太遙遠.mp3","./Music/無樂不作/cover.jpg"
"愛過了頭","Fan Yi Chen","無樂不作","./Music/無樂不作/Fan Yi Chen - 愛過了頭.mp3","./Music/無樂不作/cover.jpg"
"放生","Fan Yi Chen","無樂不作","./Music/無樂不作/Fan Yi Chen - 放生.mp3","./Music/無樂不作/cover.jpg"
"斷翅蝴蝶飛","Fan Yi Chen","無樂不作","./Music/無樂不作/Fan Yi Chen - 斷翅蝴蝶飛.mp3","./Music/無樂不作/cover.jpg"
"最最愛","Fan Yi Chen","無樂不作","./Music/無樂不作/Fan Yi Chen - 最最愛.mp3","./Music/無樂不作/cover.jpg"
"灰色地帶","Fan Yi Chen","無樂不作","./Music/無樂不作/Fan Yi Chen - 灰色地帶.mp3","./Music/無樂不作/cover.jpg"
"無樂不作","Fan Yi Chen","無樂不作","./Music/無樂不作/Fan Yi Chen - 無樂不作.mp3","./Music/無樂不作/cover.jpg"
"許願","Fan Yi Chen","無樂不作","./Music/無樂不作/Fan Yi Chen - 許願.mp3","./Music/無樂不作/cover.jpg"
"讓我靜一靜","Fan Yi Chen","無樂不作","./Music/無樂不作/Fan Yi Chen - 讓我靜一靜.mp3","./Music/無樂不作/cover.jpg"
"走開","Fan Yi Chen","無樂不作","./Music/無樂不作/Fan Yi Chen - 走開.mp3","./Music/無樂不作/cover.jpg"
"除此之外","Fan Yi Chen","無樂不作","./Music/無樂不作/Fan Yi Chen - 除此之外.mp3","./Music/無樂不作/cover.jpg"
"離開悲傷","Fan Yi Chen","無樂不作","./Music/無樂不作/Fan Yi Chen - 離開悲傷.mp3","./Music/無樂不作/cover.jpg"
"革命","Fan Yi Chen","無樂不作","./Music/無樂不作/Fan Yi Chen - 革命.mp3","./Music/無樂不作/cover.jpg"
"你是被抹去的那一段風景","Hello Nico","熟悉的荒涼","./Music/熟悉的荒涼/Hello Nico - 你是被抹去的那一段風景.mp3","./Music/熟悉的荒涼/cover.jpg"
"別等我回來","Hello Nico","熟悉的荒涼","./Music/熟悉的荒涼/Hello Nico - 別等我回來.mp3","./Music/熟悉的荒涼/cover.jpg"
"哭泣的橄欖樹","Hello Nico","熟悉的荒涼","./Music/熟悉的荒涼/Hello Nico - 哭泣的橄欖樹.mp3","./Music/熟悉的荒涼/cover.jpg"
"布蘭琪","Hello Nico","熟悉的荒涼","./Music/熟悉的荒涼/Hello Nico - 布蘭琪.mp3","./Music/熟悉的荒涼/cover.jpg"
"接下來如何","Hello Nico","熟悉的荒涼","./Music/熟悉的荒涼/Hello Nico - 接下來如何.mp3","./Music/熟悉的荒涼/cover.jpg"
"用靈魂交換肌膚之上","Hello Nico","熟悉的荒涼","./Music/熟悉的荒涼/Hello Nico - 用靈魂交換肌膚之上.mp3","./Music/熟悉的荒涼/cover.jpg"
"花","Hello Nico","熟悉的荒涼","./Music/熟悉的荒涼/Hello Nico - 花.mp3","./Music/熟悉的荒涼/cover.jpg"
"荒蕪","Hello Nico","熟悉的荒涼","./Music/熟悉的荒涼/Hello Nico - 荒蕪.mp3","./Music/熟悉的荒涼/cover.jpg"
"規格化的城市、商品、人","Hello Nico","熟悉的荒涼","./Music/熟悉的荒涼/Hello Nico - 規格化的城市、商品、人.mp3","./Music/熟悉的荒涼/cover.jpg"
"辮子","Hello Nico","熟悉的荒涼","./Music/熟悉的荒涼/Hello Nico - 辮子.mp3","./Music/熟悉的荒涼/cover.jpg"
"陌生的房間陌生的下午","Hello Nico","熟悉的荒涼","./Music/熟悉的荒涼/Hello Nico - 陌生的房間陌生的下午.mp3","./Music/熟悉的荒涼/cover.jpg"
"Baby ,До свидания","Pu Shu","獵戶星座","./Music/獵戶星座/Pu Shu - Baby ,До свидания.mp3","./Music/獵戶星座/cover.jpg"
"Forever Young","Pu Shu","獵戶星座","./Music/獵戶星座/Pu Shu - Forever Young.mp3","./Music/獵戶星座/cover.jpg"
"Never Knows Tomorrow","Pu Shu","獵戶星座","./Music/獵戶星座/Pu Shu - Never Knows Tomorrow.mp3","./Music/獵戶星座/cover.jpg"
"No Fear In My Heart","Pu Shu","獵戶星座","./Music/獵戶星座/Pu Shu - No Fear In My Heart.mp3","./Music/獵戶星座/cover.jpg"
"XX青春","Pu Shu","獵戶星座","./Music/獵戶星座/Pu Shu - XX青春.mp3","./Music/獵戶星座/cover.jpg"
"在木星","Pu Shu","獵戶星座","./Music/獵戶星座/Pu Shu - 在木星.mp3","./Music/獵戶星座/cover.jpg"
"好好地","Pu Shu","獵戶星座","./Music/獵戶星座/Pu Shu - 好好地.mp3","./Music/獵戶星座/cover.jpg"
"平凡之路","Pu Shu","獵戶星座","./Music/獵戶星座/Pu Shu - 平凡之路.mp3","./Music/獵戶星座/cover.jpg"
"清白之年","Pu Shu","獵戶星座","./Music/獵戶星座/Pu Shu - 清白之年.mp3","./Music/獵戶星座/cover.jpg"
"獵戶星座","Pu Shu","獵戶星座","./Music/獵戶星座/Pu Shu - 獵戶星座.mp3","./Music/獵戶星座/cover.jpg"
"空帆船","Pu Shu","獵戶星座","./Music/獵戶星座/Pu Shu - 空帆船.mp3","./Music/獵戶星座/cover.jpg"
"Green Door","Jam Hsiao","王妃","./Music/王妃/Jam Hsiao - Green Door.mp3","./Music/王妃/cover.jpg"
"Say A Lil Something","Jam Hsiao","王妃","./Music/王妃/Jam Hsiao - Say A Lil Something.mp3","./Music/王妃/cover.jpg"
"善男信女","Jam Hsiao","王妃","./Music/王妃/Jam Hsiao - 善男信女.mp3","./Music/王妃/cover.jpg"
"寂寞還是你","Jam Hsiao","王妃","./Music/王妃/Jam Hsiao - 寂寞還是你.mp3","./Music/王妃/cover.jpg"
"小男人大男孩","Jam Hsiao","王妃","./Music/王妃/Jam Hsiao - 小男人大男孩.mp3","./Music/王妃/cover.jpg"
"愛遊戲","Jam Hsiao","王妃","./Music/王妃/Jam Hsiao - 愛遊戲.mp3","./Music/王妃/cover.jpg"
"我不會愛","Jam Hsiao","王妃","./Music/王妃/Jam Hsiao - 我不會愛.mp3","./Music/王妃/cover.jpg"
"會痛的石頭","Jam Hsiao","王妃","./Music/王妃/Jam Hsiao - 會痛的石頭.mp3","./Music/王妃/cover.jpg"
"王妃","Jam Hsiao","王妃","./Music/王妃/Jam Hsiao - 王妃.mp3","./Music/王妃/cover.jpg"
"阿飛的小蝴蝶","Jam Hsiao","王妃","./Music/王妃/Jam Hsiao - 阿飛的小蝴蝶.mp3","./Music/王妃/cover.jpg"
"One Day Song","PA PUN BAND","痞得胖","./Music/痞得胖/PA PUN BAND - One Day Song.mp3","./Music/痞得胖/cover.jpg"
"X","PA PUN BAND","痞得胖","./Music/痞得胖/PA PUN BAND - X.mp3","./Music/痞得胖/cover.jpg"
"到底還要等多久","PA PUN BAND","痞得胖","./Music/痞得胖/PA PUN BAND - 到底還要等多久.mp3","./Music/痞得胖/cover.jpg"
"只有我的旁邊 旁邊沒有人","PA PUN BAND","痞得胖","./Music/痞得胖/PA PUN BAND - 只有我的旁邊 旁邊沒有人.mp3","./Music/痞得胖/cover.jpg"
"咕咕雞","PA PUN BAND","痞得胖","./Music/痞得胖/PA PUN BAND - 咕咕雞.mp3","./Music/痞得胖/cover.jpg"
"嘟嘟嘟嘟嘟","PA PUN BAND","痞得胖","./Music/痞得胖/PA PUN BAND - 嘟嘟嘟嘟嘟.mp3","./Music/痞得胖/cover.jpg"
"寫了一本書給你","PA PUN BAND","痞得胖","./Music/痞得胖/PA PUN BAND - 寫了一本書給你.mp3","./Music/痞得胖/cover.jpg"
"小氣鬼喝涼水","PA PUN BAND","痞得胖","./Music/痞得胖/PA PUN BAND - 小氣鬼喝涼水.mp3","./Music/痞得胖/cover.jpg"
"我不想回家","PA PUN BAND","痞得胖","./Music/痞得胖/PA PUN BAND - 我不想回家.mp3","./Music/痞得胖/cover.jpg"
"我們在試音","PA PUN BAND","痞得胖","./Music/痞得胖/PA PUN BAND - 我們在試音.mp3","./Music/痞得胖/cover.jpg"
"我想要Macbook Pro","PA PUN BAND","痞得胖","./Music/痞得胖/PA PUN BAND - 我想要Macbook Pro.mp3","./Music/痞得胖/cover.jpg"
"月亮不會亮","PA PUN BAND","痞得胖","./Music/痞得胖/PA PUN BAND - 月亮不會亮.mp3","./Music/痞得胖/cover.jpg"
"流浪王子 (鋼琴版)","PA PUN BAND","痞得胖","./Music/痞得胖/PA PUN BAND - 流浪王子 (鋼琴版).mp3","./Music/痞得胖/cover.jpg"
"流浪王子","PA PUN BAND","痞得胖","./Music/痞得胖/PA PUN BAND - 流浪王子.mp3","./Music/痞得胖/cover.jpg"
"2012","Mayday","第二人生(明日版)","./Music/第二人生 Now Here 明日版/Mayday - 2012.mp3","./Music/第二人生 Now Here 明日版/cover.jpg"
"OAOA(現在就是永遠)","Mayday","第二人生(明日版)","./Music/第二人生 Now Here 明日版/Mayday - OAOA(現在就是永遠).mp3","./Music/第二人生 Now Here 明日版/cover.jpg"
"T1213121","Mayday","第二人生(明日版)","./Music/第二人生 Now Here 明日版/Mayday - T1213121.mp3","./Music/第二人生 Now Here 明日版/cover.jpg"
"三個傻瓜","Mayday","第二人生(明日版)","./Music/第二人生 Now Here 明日版/Mayday - 三個傻瓜.mp3","./Music/第二人生 Now Here 明日版/cover.jpg"
"乾杯","Mayday","第二人生(明日版)","./Music/第二人生 Now Here 明日版/Mayday - 乾杯.mp3","./Music/第二人生 Now Here 明日版/cover.jpg"
"倉頡","Mayday","第二人生(明日版)","./Music/第二人生 Now Here 明日版/Mayday - 倉頡.mp3","./Music/第二人生 Now Here 明日版/cover.jpg"
"我不願讓你一個人","Mayday","第二人生(明日版)","./Music/第二人生 Now Here 明日版/Mayday - 我不願讓你一個人.mp3","./Music/第二人生 Now Here 明日版/cover.jpg"
"明日","Mayday","第二人生(明日版)","./Music/第二人生 Now Here 明日版/Mayday - 明日.mp3","./Music/第二人生 Now Here 明日版/cover.jpg"
"星空","Mayday","第二人生(明日版)","./Music/第二人生 Now Here 明日版/Mayday - 星空.mp3","./Music/第二人生 Now Here 明日版/cover.jpg"
"有些事現在不做 一輩子都不會做了","Mayday","第二人生(明日版)","./Music/第二人生 Now Here 明日版/Mayday - 有些事現在不做 一輩子都不會做了.mp3","./Music/第二人生 Now Here 明日版/cover.jpg"
"歪腰","Mayday","第二人生(明日版)","./Music/第二人生 Now Here 明日版/Mayday - 歪腰.mp3","./Music/第二人生 Now Here 明日版/cover.jpg"
"洗衣機","Mayday","第二人生(明日版)","./Music/第二人生 Now Here 明日版/Mayday - 洗衣機.mp3","./Music/第二人生 Now Here 明日版/cover.jpg"
"第二人生","Mayday","第二人生(明日版)","./Music/第二人生 Now Here 明日版/Mayday - 第二人生.mp3","./Music/第二人生 Now Here 明日版/cover.jpg"
"諾亞方舟","Mayday","第二人生(明日版)","./Music/第二人生 Now Here 明日版/Mayday - 諾亞方舟.mp3","./Music/第二人生 Now Here 明日版/cover.jpg"
"Sing It Out","Penny Tai","純屬意外","./Music/純屬意外/Penny Tai - Sing It Out.mp3","./Music/純屬意外/cover.jpg"
"你怎麼可以安心的睡著","Penny Tai","純屬意外","./Music/純屬意外/Penny Tai - 你怎麼可以安心的睡著.mp3","./Music/純屬意外/cover.jpg"
"剪不斷","Penny Tai","純屬意外","./Music/純屬意外/Penny Tai - 剪不斷.mp3","./Music/純屬意外/cover.jpg"
"右臉","Penny Tai","純屬意外","./Music/純屬意外/Penny Tai - 右臉.mp3","./Music/純屬意外/cover.jpg"
"懶人漫遊","Penny Tai","純屬意外","./Music/純屬意外/Penny Tai - 懶人漫遊.mp3","./Music/純屬意外/cover.jpg"
"沒有人愛","Penny Tai","純屬意外","./Music/純屬意外/Penny Tai - 沒有人愛.mp3","./Music/純屬意外/cover.jpg"
"無賴","Penny Tai","純屬意外","./Music/純屬意外/Penny Tai - 無賴.mp3","./Music/純屬意外/cover.jpg"
"純屬意外","Penny Tai","純屬意外","./Music/純屬意外/Penny Tai - 純屬意外.mp3","./Music/純屬意外/cover.jpg"
"草莓麵包","Penny Tai","純屬意外","./Music/純屬意外/Penny Tai - 草莓麵包.mp3","./Music/純屬意外/cover.jpg"
"愛,轉動","Harlem Yu/Jeff Chang","絕對收藏張信哲","./Music/絕對收藏張信哲/Harlem Yu, Jeff Chang - 愛,轉動.mp3","./Music/絕對收藏張信哲/cover.jpg"
"下一個永遠","Jeff Chang","絕對收藏張信哲","./Music/絕對收藏張信哲/Jeff Chang - 下一個永遠.mp3","./Music/絕對收藏張信哲/cover.jpg"
"九月雨","Jeff Chang","絕對收藏張信哲","./Music/絕對收藏張信哲/Jeff Chang - 九月雨.mp3","./Music/絕對收藏張信哲/cover.jpg"
"你知道應該如何愛著我","Jeff Chang","絕對收藏張信哲","./Music/絕對收藏張信哲/Jeff Chang - 你知道應該如何愛著我.mp3","./Music/絕對收藏張信哲/cover.jpg"
"別怕我傷心","Jeff Chang","絕對收藏張信哲","./Music/絕對收藏張信哲/Jeff Chang - 別怕我傷心.mp3","./Music/絕對收藏張信哲/cover.jpg"
"心愛寶貝","Jeff Chang","絕對收藏張信哲","./Music/絕對收藏張信哲/Jeff Chang - 心愛寶貝.mp3","./Music/絕對收藏張信哲/cover.jpg"
"想我的理由","Jeff Chang","絕對收藏張信哲","./Music/絕對收藏張信哲/Jeff Chang - 想我的理由.mp3","./Music/絕對收藏張信哲/cover.jpg"
"愛如潮水","Jeff Chang","絕對收藏張信哲","./Music/絕對收藏張信哲/Jeff Chang - 愛如潮水.mp3","./Music/絕對收藏張信哲/cover.jpg"
"愛已成風","Jeff Chang","絕對收藏張信哲","./Music/絕對收藏張信哲/Jeff Chang - 愛已成風.mp3","./Music/絕對收藏張信哲/cover.jpg"
"愛與折磨","Jeff Chang","絕對收藏張信哲","./Music/絕對收藏張信哲/Jeff Chang - 愛與折磨.mp3","./Music/絕對收藏張信哲/cover.jpg"
"我們愛這個錯","Jeff Chang","絕對收藏張信哲","./Music/絕對收藏張信哲/Jeff Chang - 我們愛這個錯.mp3","./Music/絕對收藏張信哲/cover.jpg"
"我是真的愛你","Jeff Chang","絕對收藏張信哲","./Music/絕對收藏張信哲/Jeff Chang - 我是真的愛你.mp3","./Music/絕對收藏張信哲/cover.jpg"
"我真的願意","Jeff Chang","絕對收藏張信哲","./Music/絕對收藏張信哲/Jeff Chang - 我真的願意.mp3","./Music/絕對收藏張信哲/cover.jpg"
"打造一個希望的城市","Jeff Chang","絕對收藏張信哲","./Music/絕對收藏張信哲/Jeff Chang - 打造一個希望的城市.mp3","./Music/絕對收藏張信哲/cover.jpg"
"曾經愛過","Jeff Chang","絕對收藏張信哲","./Music/絕對收藏張信哲/Jeff Chang - 曾經愛過.mp3","./Music/絕對收藏張信哲/cover.jpg"
"最想念的季節","Jeff Chang","絕對收藏張信哲","./Music/絕對收藏張信哲/Jeff Chang - 最想念的季節.mp3","./Music/絕對收藏張信哲/cover.jpg"
"月半圓","Jeff Chang","絕對收藏張信哲","./Music/絕對收藏張信哲/Jeff Chang - 月半圓.mp3","./Music/絕對收藏張信哲/cover.jpg"
"有妳真的會快樂嗎","Jeff Chang","絕對收藏張信哲","./Music/絕對收藏張信哲/Jeff Chang - 有妳真的會快樂嗎.mp3","./Music/絕對收藏張信哲/cover.jpg"
"白月光","Jeff Chang","絕對收藏張信哲","./Music/絕對收藏張信哲/Jeff Chang - 白月光.mp3","./Music/絕對收藏張信哲/cover.jpg"
"相信相依","Jeff Chang","絕對收藏張信哲","./Music/絕對收藏張信哲/Jeff Chang - 相信相依.mp3","./Music/絕對收藏張信哲/cover.jpg"
"知道","Jeff Chang","絕對收藏張信哲","./Music/絕對收藏張信哲/Jeff Chang - 知道.mp3","./Music/絕對收藏張信哲/cover.jpg"
"給我一些音樂","Jeff Chang","絕對收藏張信哲","./Music/絕對收藏張信哲/Jeff Chang - 給我一些音樂.mp3","./Music/絕對收藏張信哲/cover.jpg"
"習慣寂寞","Jeff Chang","絕對收藏張信哲","./Music/絕對收藏張信哲/Jeff Chang - 習慣寂寞.mp3","./Music/絕對收藏張信哲/cover.jpg"
"讓我忘記你的臉","Jeff Chang","絕對收藏張信哲","./Music/絕對收藏張信哲/Jeff Chang - 讓我忘記你的臉.mp3","./Music/絕對收藏張信哲/cover.jpg"
"這個世界","Jeff Chang","絕對收藏張信哲","./Music/絕對收藏張信哲/Jeff Chang - 這個世界.mp3","./Music/絕對收藏張信哲/cover.jpg"
"難以抗拒你容顏","Jeff Chang","絕對收藏張信哲","./Music/絕對收藏張信哲/Jeff Chang - 難以抗拒你容顏.mp3","./Music/絕對收藏張信哲/cover.jpg"
"難道","Jeff Chang","絕對收藏張信哲","./Music/絕對收藏張信哲/Jeff Chang - 難道.mp3","./Music/絕對收藏張信哲/cover.jpg"
"有一點動心","Jeff Chang/劉嘉玲","絕對收藏張信哲","./Music/絕對收藏張信哲/Jeff Chang, 劉嘉玲 - 有一點動心.mp3","./Music/絕對收藏張信哲/cover.jpg"
"以上皆非","LaLa Hsu","給","./Music/給/LaLa Hsu - 以上皆非.mp3","./Music/給/cover.jpg"
"我想到你就再也不怕","LaLa Hsu","給","./Music/給/LaLa Hsu - 我想到你就再也不怕.mp3","./Music/給/cover.jpg"
"沒有第三者的分手","LaLa Hsu","給","./Music/給/LaLa Hsu - 沒有第三者的分手.mp3","./Music/給/cover.jpg"
"準明星","LaLa Hsu","給","./Music/給/LaLa Hsu - 準明星.mp3","./Music/給/cover.jpg"
"給","LaLa Hsu","給","./Music/給/LaLa Hsu - 給.mp3","./Music/給/cover.jpg"
"雛形","LaLa Hsu","給","./Music/給/LaLa Hsu - 雛形.mp3","./Music/給/cover.jpg"
"也許是愛情","Ronghao Li","縱橫四海","./Music/縱橫四海/Ronghao Li - 也許是愛情.mp3","./Music/縱橫四海/cover.jpg"
"山川","Ronghao Li","縱橫四海","./Music/縱橫四海/Ronghao Li - 山川.mp3","./Music/縱橫四海/cover.jpg"
"情人","Ronghao Li","縱橫四海","./Music/縱橫四海/Ronghao Li - 情人.mp3","./Music/縱橫四海/cover.jpg"
"我們好好的","Ronghao Li","縱橫四海","./Music/縱橫四海/Ronghao Li - 我們好好的.mp3","./Music/縱橫四海/cover.jpg"
"烏梅子醬","Ronghao Li","縱橫四海","./Music/縱橫四海/Ronghao Li - 烏梅子醬.mp3","./Music/縱橫四海/cover.jpg"
"縱橫四海","Ronghao Li","縱橫四海","./Music/縱橫四海/Ronghao Li - 縱橫四海.mp3","./Music/縱橫四海/cover.jpg"
"習慣晚睡","Ronghao Li","縱橫四海","./Music/縱橫四海/Ronghao Li - 習慣晚睡.mp3","./Music/縱橫四海/cover.jpg"
"脫胎換骨","Ronghao Li","縱橫四海","./Music/縱橫四海/Ronghao Li - 脫胎換骨.mp3","./Music/縱橫四海/cover.jpg"
"對等關係 (feat. 張惠妹)","Ronghao Li/A-Mei Chang","縱橫四海","./Music/縱橫四海/Ronghao Li, A-Mei Chang - 對等關係 (feat. 張惠妹).mp3","./Music/縱橫四海/cover.jpg"
"千禧","Hormone Boys","美好年代:2000","./Music/美好年代：2000/Hormone Boys - 千禧.mp3","./Music/美好年代：2000/cover.jpg"
"其實沒有那麼寂寞","廖文強","至少很好笑","./Music/至少很好笑/廖文強 - 其實沒有那麼寂寞.mp3","./Music/至少很好笑/cover.jpg"
"孩子的大冒險","廖文強","至少很好笑","./Music/至少很好笑/廖文強 - 孩子的大冒險.mp3","./Music/至少很好笑/cover.jpg"
"我才沒有","廖文強","至少很好笑","./Music/至少很好笑/廖文強 - 我才沒有.mp3","./Music/至少很好笑/cover.jpg"
"燒肉哇哈哈","廖文強","至少很好笑","./Music/至少很好笑/廖文強 - 燒肉哇哈哈.mp3","./Music/至少很好笑/cover.jpg"
"眼光","廖文強","至少很好笑","./Music/至少很好笑/廖文強 - 眼光.mp3","./Music/至少很好笑/cover.jpg"
"闖","廖文強","至少很好笑","./Music/至少很好笑/廖文強 - 闖.mp3","./Music/至少很好笑/cover.jpg"
"致,___","貝克小姐Miss Bac.","致,___","./Music/致，___/貝克小姐Miss Bac. - 致,___.mp3","./Music/致，___/cover.jpg"
"一隻眼睛","Christine Fan","范范的感恩節","./Music/范范的感恩節/Christine Fan - 一隻眼睛.mp3","./Music/范范的感恩節/cover.jpg"
"吻合","Christine Fan","范范的感恩節","./Music/范范的感恩節/Christine Fan - 吻合.mp3","./Music/范范的感恩節/cover.jpg"
"大風吹","Christine Fan","范范的感恩節","./Music/范范的感恩節/Christine Fan - 大風吹.mp3","./Music/范范的感恩節/cover.jpg"
"很久很久以後","Christine Fan","范范的感恩節","./Music/范范的感恩節/Christine Fan - 很久很久以後.mp3","./Music/范范的感恩節/cover.jpg"
"感恩節","Christine Fan","范范的感恩節","./Music/范范的感恩節/Christine Fan - 感恩節.mp3","./Music/范范的感恩節/cover.jpg"
"練習曲","Christine Fan","范范的感恩節","./Music/范范的感恩節/Christine Fan - 練習曲.mp3","./Music/范范的感恩節/cover.jpg"
"落單","Christine Fan","范范的感恩節","./Music/范范的感恩節/Christine Fan - 落單.mp3","./Music/范范的感恩節/cover.jpg"
"那個早晨","Christine Fan","范范的感恩節","./Music/范范的感恩節/Christine Fan - 那個早晨.mp3","./Music/范范的感恩節/cover.jpg"
"Don't cry Don't cry - 公視:你的孩子不是你的孩子 主題曲","Waa Wei","藏著並不等於遺忘","./Music/藏著並不等於遺忘/Waa Wei - Don't cry Don't cry - 公視-你的孩子不是你的孩子 主題曲.mp3","./Music/藏著並不等於遺忘/cover.jpg"
"Ophelia","Waa Wei","藏著並不等於遺忘","./Music/藏著並不等於遺忘/Waa Wei - Ophelia.mp3","./Music/藏著並不等於遺忘/cover.jpg"
"彼個所在","Waa Wei","藏著並不等於遺忘","./Music/藏著並不等於遺忘/Waa Wei - 彼個所在.mp3","./Music/藏著並不等於遺忘/cover.jpg"
"恐慌症","Waa Wei","藏著並不等於遺忘","./Music/藏著並不等於遺忘/Waa Wei - 恐慌症.mp3","./Music/藏著並不等於遺忘/cover.jpg"
"既然不再假裝自己不是多愁善感的詩人","Waa Wei","藏著並不等於遺忘","./Music/藏著並不等於遺忘/Waa Wei - 既然不再假裝自己不是多愁善感的詩人.mp3","./Music/藏著並不等於遺忘/cover.jpg"
"陪著你","Waa Wei","藏著並不等於遺忘","./Music/藏著並不等於遺忘/Waa Wei - 陪著你.mp3","./Music/藏著並不等於遺忘/cover.jpg"
"偏執狂","Andrew Tan","親愛的偏執狂","./Music/親愛的偏執狂/Andrew Tan - 偏執狂.mp3","./Music/親愛的偏執狂/cover.jpg"
"天天情人節","Andrew Tan","親愛的偏執狂","./Music/親愛的偏執狂/Andrew Tan - 天天情人節.mp3","./Music/親愛的偏執狂/cover.jpg"
"好愛好散","Andrew Tan","親愛的偏執狂","./Music/親愛的偏執狂/Andrew Tan - 好愛好散.mp3","./Music/親愛的偏執狂/cover.jpg"
"練習愛情","Andrew Tan","親愛的偏執狂","./Music/親愛的偏執狂/Andrew Tan - 練習愛情.mp3","./Music/親愛的偏執狂/cover.jpg"
"二十二歲的眼睛","吳青原","親愛的準備好要出發了嗎","./Music/親愛的準備好要出發了嗎/吳青原 - 二十二歲的眼睛.mp3","./Music/親愛的準備好要出發了嗎/cover.jpg"
"再見。一期一會的朋友","吳青原","親愛的準備好要出發了嗎","./Music/親愛的準備好要出發了嗎/吳青原 - 再見。一期一會的朋友.mp3","./Music/親愛的準備好要出發了嗎/cover.jpg"
"我嫉妒妳是魚","吳青原","親愛的準備好要出發了嗎","./Music/親愛的準備好要出發了嗎/吳青原 - 我嫉妒妳是魚.mp3","./Music/親愛的準備好要出發了嗎/cover.jpg"
"有人在家嗎","吳青原","親愛的準備好要出發了嗎","./Music/親愛的準備好要出發了嗎/吳青原 - 有人在家嗎.mp3","./Music/親愛的準備好要出發了嗎/cover.jpg"
"海上的人","吳青原","親愛的準備好要出發了嗎","./Music/親愛的準備好要出發了嗎/吳青原 - 海上的人.mp3","./Music/親愛的準備好要出發了嗎/cover.jpg"
"親愛的準備好要出發了嗎","吳青原","親愛的準備好要出發了嗎","./Music/親愛的準備好要出發了嗎/吳青原 - 親愛的準備好要出發了嗎.mp3","./Music/親愛的準備好要出發了嗎/cover.jpg"
"請帶走我的勇氣","吳青原","親愛的準備好要出發了嗎","./Music/親愛的準備好要出發了嗎/吳青原 - 請帶走我的勇氣.mp3","./Music/親愛的準備好要出發了嗎/cover.jpg"
"那就飛吧","吳青原","親愛的準備好要出發了嗎","./Music/親愛的準備好要出發了嗎/吳青原 - 那就飛吧.mp3","./Music/親愛的準備好要出發了嗎/cover.jpg"
"Can't stop","Rene Liu","親愛的路人","./Music/親愛的路人/Rene Liu - Can't stop.mp3","./Music/親愛的路人/cover.jpg"
"Yes I do","Rene Liu","親愛的路人","./Music/親愛的路人/Rene Liu - Yes I do.mp3","./Music/親愛的路人/cover.jpg"
"幸福不是情歌","Rene Liu","親愛的路人","./Music/親愛的路人/Rene Liu - 幸福不是情歌.mp3","./Music/親愛的路人/cover.jpg"
"幸福就是","Rene Liu","親愛的路人","./Music/親愛的路人/Rene Liu - 幸福就是.mp3","./Music/親愛的路人/cover.jpg"
"我在想你的時候睡著了","Rene Liu","親愛的路人","./Music/親愛的路人/Rene Liu - 我在想你的時候睡著了.mp3","./Music/親愛的路人/cover.jpg"
"我的敵人","Rene Liu","親愛的路人","./Music/親愛的路人/Rene Liu - 我的敵人.mp3","./Music/親愛的路人/cover.jpg"
"滿滿","Rene Liu","親愛的路人","./Music/親愛的路人/Rene Liu - 滿滿.mp3","./Music/親愛的路人/cover.jpg"
"親愛的路人","Rene Liu","親愛的路人","./Music/親愛的路人/Rene Liu - 親愛的路人.mp3","./Music/親愛的路人/cover.jpg"
"跳車","Rene Liu","親愛的路人","./Music/親愛的路人/Rene Liu - 跳車.mp3","./Music/親愛的路人/cover.jpg"
"訣愛 (劇集《蒼蘭訣》片頭曲)","詹雯婷","訣愛","./Music/訣愛/詹雯婷 - 訣愛 (劇集《蒼蘭訣》片頭曲).mp3","./Music/訣愛/cover.jpg"
"Then You Come Along","Eve Ai","說 艾怡良","./Music/說 艾怡良/Eve Ai - Then You Come Along.mp3","./Music/說 艾怡良/cover.jpg"
"依賴","Eve Ai","說 艾怡良","./Music/說 艾怡良/Eve Ai - 依賴.mp3","./Music/說 艾怡良/cover.jpg"
"寂寞無害 - 八大韓劇”拜託了媽媽”片頭曲","Eve Ai","說 艾怡良","./Music/說 艾怡良/Eve Ai - 寂寞無害 - 八大韓劇”拜託了媽媽”片頭曲.mp3","./Music/說 艾怡良/cover.jpg"
"帶我去一個陽光普照的島嶼","Eve Ai","說 艾怡良","./Music/說 艾怡良/Eve Ai - 帶我去一個陽光普照的島嶼.mp3","./Music/說 艾怡良/cover.jpg"
"我們的總和","Eve Ai","說 艾怡良","./Music/說 艾怡良/Eve Ai - 我們的總和.mp3","./Music/說 艾怡良/cover.jpg"
"逃生計畫","Eve Ai","說 艾怡良","./Music/說 艾怡良/Eve Ai - 逃生計畫.mp3","./Music/說 艾怡良/cover.jpg"
"Letting Go","Tanya Chua","說到愛","./Music/說到愛/Tanya Chua - Letting Go.mp3","./Music/說到愛/cover.jpg"
"下次見","Tanya Chua","說到愛","./Music/說到愛/Tanya Chua - 下次見.mp3","./Music/說到愛/cover.jpg"
"不知所以然","Tanya Chua","說到愛","./Music/說到愛/Tanya Chua - 不知所以然.mp3","./Music/說到愛/cover.jpg"
"便利貼","Tanya Chua","說到愛","./Music/說到愛/Tanya Chua - 便利貼.mp3","./Music/說到愛/cover.jpg"
"別找我麻煩","Tanya Chua","說到愛","./Music/說到愛/Tanya Chua - 別找我麻煩.mp3","./Music/說到愛/cover.jpg"
"可愛","Tanya Chua","說到愛","./Music/說到愛/Tanya Chua - 可愛.mp3","./Music/說到愛/cover.jpg"
"多米諾","Tanya Chua","說到愛","./Music/說到愛/Tanya Chua - 多米諾.mp3","./Music/說到愛/cover.jpg"
"愛我很簡單","Tanya Chua","說到愛","./Music/說到愛/Tanya Chua - 愛我很簡單.mp3","./Music/說到愛/cover.jpg"
"舊行李","Tanya Chua","說到愛","./Music/說到愛/Tanya Chua - 舊行李.mp3","./Music/說到愛/cover.jpg"
"說到愛","Tanya Chua","說到愛","./Music/說到愛/Tanya Chua - 說到愛.mp3","./Music/說到愛/cover.jpg"
"不愛最大","Ricky Hsiao","說故事的歌","./Music/說故事的歌/Ricky Hsiao - 不愛最大.mp3","./Music/說故事的歌/cover.jpg"
"內傷","Ricky Hsiao","說故事的歌","./Music/說故事的歌/Ricky Hsiao - 內傷.mp3","./Music/說故事的歌/cover.jpg"
"愛不解釋","Ricky Hsiao","說故事的歌","./Music/說故事的歌/Ricky Hsiao - 愛不解釋.mp3","./Music/說故事的歌/cover.jpg"
"慢冷","Ricky Hsiao","說故事的歌","./Music/說故事的歌/Ricky Hsiao - 慢冷.mp3","./Music/說故事的歌/cover.jpg"
"沒那麼簡單","Ricky Hsiao","說故事的歌","./Music/說故事的歌/Ricky Hsiao - 沒那麼簡單.mp3","./Music/說故事的歌/cover.jpg"
"說故事的歌","Ricky Hsiao","說故事的歌","./Music/說故事的歌/Ricky Hsiao - 說故事的歌.mp3","./Music/說故事的歌/cover.jpg"
"默默","Ricky Hsiao","說故事的歌","./Music/說故事的歌/Ricky Hsiao - 默默.mp3","./Music/說故事的歌/cover.jpg"
"Missed Call","Yisa Yu","路過人間","./Music/路過人間/Yisa Yu - Missed Call.mp3","./Music/路過人間/cover.jpg"
"三十而慄","Yisa Yu","路過人間","./Music/路過人間/Yisa Yu - 三十而慄.mp3","./Music/路過人間/cover.jpg"
"你知道","Yisa Yu","路過人間","./Music/路過人間/Yisa Yu - 你知道.mp3","./Music/路過人間/cover.jpg"
"十年如一日","Yisa Yu","路過人間","./Music/路過人間/Yisa Yu - 十年如一日.mp3","./Music/路過人間/cover.jpg"
"是誰","Yisa Yu","路過人間","./Music/路過人間/Yisa Yu - 是誰.mp3","./Music/路過人間/cover.jpg"
"記恨","Yisa Yu","路過人間","./Music/路過人間/Yisa Yu - 記恨.mp3","./Music/路過人間/cover.jpg"
"路過人間 (電視劇《我們與惡的距離》插曲)","Yisa Yu","路過人間","./Music/路過人間/Yisa Yu - 路過人間 (電視劇《我們與惡的距離》插曲).mp3","./Music/路過人間/cover.jpg"
"進化","Yisa Yu","路過人間","./Music/路過人間/Yisa Yu - 進化.mp3","./Music/路過人間/cover.jpg"
"躺在時間的海裡凝望無盡","貝克小姐Miss Bac.","躺在時間的海裡凝望無盡","./Music/躺在時間的海裡凝望無盡/貝克小姐Miss Bac. - 躺在時間的海裡凝望無盡.mp3","./Music/躺在時間的海裡凝望無盡/cover.jpg"
"念念不忘","Zhang Zhen Yue","遠走高飛","./Music/遠走高飛/Zhang Zhen Yue - 念念不忘.mp3","./Music/遠走高飛/cover.jpg"
"絕對","Zhang Zhen Yue","遠走高飛","./Music/遠走高飛/Zhang Zhen Yue - 絕對.mp3","./Music/遠走高飛/cover.jpg"
"貪心","Zhang Zhen Yue","遠走高飛","./Music/遠走高飛/Zhang Zhen Yue - 貪心.mp3","./Music/遠走高飛/cover.jpg"
"遠走高飛","Zhang Zhen Yue","遠走高飛","./Music/遠走高飛/Zhang Zhen Yue - 遠走高飛.mp3","./Music/遠走高飛/cover.jpg"
"酒鬼","Zhang Zhen Yue","遠走高飛","./Music/遠走高飛/Zhang Zhen Yue - 酒鬼.mp3","./Music/遠走高飛/cover.jpg"
"Hello (陌生的好朋友)","廖文強與壞神經樂團/廖文強","那些你不敢解決的問題","./Music/那些你不敢解決的問題/廖文強與壞神經樂團, 廖文強 - Hello (陌生的好朋友).mp3","./Music/那些你不敢解決的問題/cover.jpg"
"不去想明天會怎樣","廖文強與壞神經樂團/廖文強","那些你不敢解決的問題","./Music/那些你不敢解決的問題/廖文強與壞神經樂團, 廖文強 - 不去想明天會怎樣.mp3","./Music/那些你不敢解決的問題/cover.jpg"
"來不及","廖文強與壞神經樂團/廖文強","那些你不敢解決的問題","./Music/那些你不敢解決的問題/廖文強與壞神經樂團, 廖文強 - 來不及.mp3","./Music/那些你不敢解決的問題/cover.jpg"
"到最後","廖文強與壞神經樂團/廖文強","那些你不敢解決的問題","./Music/那些你不敢解決的問題/廖文強與壞神經樂團, 廖文強 - 到最後.mp3","./Music/那些你不敢解決的問題/cover.jpg"
"對你而言","廖文強與壞神經樂團/廖文強","那些你不敢解決的問題","./Music/那些你不敢解決的問題/廖文強與壞神經樂團, 廖文強 - 對你而言.mp3","./Music/那些你不敢解決的問題/cover.jpg"
"我知道你喜歡我","廖文強與壞神經樂團/廖文強","那些你不敢解決的問題","./Music/那些你不敢解決的問題/廖文強與壞神經樂團, 廖文強 - 我知道你喜歡我.mp3","./Music/那些你不敢解決的問題/cover.jpg"
"最孤單的人","廖文強與壞神經樂團/廖文強","那些你不敢解決的問題","./Music/那些你不敢解決的問題/廖文強與壞神經樂團, 廖文強 - 最孤單的人.mp3","./Music/那些你不敢解決的問題/cover.jpg"
"看不見光的一端","廖文強與壞神經樂團/廖文強","那些你不敢解決的問題","./Music/那些你不敢解決的問題/廖文強與壞神經樂團, 廖文強 - 看不見光的一端.mp3","./Music/那些你不敢解決的問題/cover.jpg"
"自卑","廖文強與壞神經樂團/廖文強","那些你不敢解決的問題","./Music/那些你不敢解決的問題/廖文強與壞神經樂團, 廖文強 - 自卑.mp3","./Music/那些你不敢解決的問題/cover.jpg"
"親愛的為什麼","廖文強與壞神經樂團/廖文強","那些你不敢解決的問題","./Music/那些你不敢解決的問題/廖文強與壞神經樂團, 廖文強 - 親愛的為什麼.mp3","./Music/那些你不敢解決的問題/cover.jpg"
"轉身之後","廖文強與壞神經樂團/廖文強","那些你不敢解決的問題","./Music/那些你不敢解決的問題/廖文強與壞神經樂團, 廖文強 - 轉身之後.mp3","./Music/那些你不敢解決的問題/cover.jpg"
"那些你不敢解決的問題","廖文強與壞神經樂團/廖文強","那些你不敢解決的問題","./Music/那些你不敢解決的問題/廖文強與壞神經樂團, 廖文強 - 那些你不敢解決的問題.mp3","./Music/那些你不敢解決的問題/cover.jpg"
"单心","嚴藝丹","醉城伤","./Music/醉城傷/嚴藝丹 - 单心.mp3","./Music/醉城傷/cover.jpg"
"女人香","嚴藝丹","醉城伤","./Music/醉城傷/嚴藝丹 - 女人香.mp3","./Music/醉城傷/cover.jpg"
"如果我答应你","嚴藝丹","醉城伤","./Music/醉城傷/嚴藝丹 - 如果我答应你.mp3","./Music/醉城傷/cover.jpg"
"我愿意","嚴藝丹","醉城伤","./Music/醉城傷/嚴藝丹 - 我愿意.mp3","./Music/醉城傷/cover.jpg"
"每一次让人心碎的","嚴藝丹","醉城伤","./Music/醉城傷/嚴藝丹 - 每一次让人心碎的.mp3","./Music/醉城傷/cover.jpg"
"纸飞机","嚴藝丹","醉城伤","./Music/醉城傷/嚴藝丹 - 纸飞机.mp3","./Music/醉城傷/cover.jpg"
"醉城伤","嚴藝丹","醉城伤","./Music/醉城傷/嚴藝丹 - 醉城伤.mp3","./Music/醉城傷/cover.jpg"
"Hello","Mixer","野生","./Music/野生/Mixer - Hello.mp3","./Music/野生/cover.jpg"
"出口","Mixer","野生","./Music/野生/Mixer - 出口.mp3","./Music/野生/cover.jpg"
"囝仔","Mixer","野生","./Music/野生/Mixer - 囝仔.mp3","./Music/野生/cover.jpg"
"小朋友","Mixer","野生","./Music/野生/Mixer - 小朋友.mp3","./Music/野生/cover.jpg"
"說黑說白","Mixer","野生","./Music/野生/Mixer - 說黑說白.mp3","./Music/野生/cover.jpg"
"野生遊樂園","Mixer","野生","./Music/野生/Mixer - 野生遊樂園.mp3","./Music/野生/cover.jpg"
"看不見?","Hello Nico","閉上眼睛","./Music/閉上眼睛/Hello Nico - 看不見.mp3","./Music/閉上眼睛/cover.jpg"
"變成一隻魚","Hello Nico","閉上眼睛","./Music/閉上眼睛/Hello Nico - 變成一隻魚.mp3","./Music/閉上眼睛/cover.jpg"
"面向自己","Hello Nico","閉上眼睛","./Music/閉上眼睛/Hello Nico - 面向自己.mp3","./Music/閉上眼睛/cover.jpg"
"二度戀愛","Rainie Yang","雨愛","./Music/雨愛/Rainie Yang - 二度戀愛.mp3","./Music/雨愛/cover.jpg"
"匿名的好友","Rainie Yang","雨愛","./Music/雨愛/Rainie Yang - 匿名的好友.mp3","./Music/雨愛/cover.jpg"
"折疊式愛情","Rainie Yang","雨愛","./Music/雨愛/Rainie Yang - 折疊式愛情.mp3","./Music/雨愛/cover.jpg"
"新流感","Rainie Yang","雨愛","./Music/雨愛/Rainie Yang - 新流感.mp3","./Music/雨愛/cover.jpg"
"絕對達令","Rainie Yang","雨愛","./Music/雨愛/Rainie Yang - 絕對達令.mp3","./Music/雨愛/cover.jpg"
"要我的命","Rainie Yang","雨愛","./Music/雨愛/Rainie Yang - 要我的命.mp3","./Music/雨愛/cover.jpg"
"調皮的愛神","Rainie Yang","雨愛","./Music/雨愛/Rainie Yang - 調皮的愛神.mp3","./Music/雨愛/cover.jpg"
"雨愛","Rainie Yang","雨愛","./Music/雨愛/Rainie Yang - 雨愛.mp3","./Music/雨愛/cover.jpg"
"青春鬥","Rainie Yang","雨愛","./Music/雨愛/Rainie Yang - 青春鬥.mp3","./Music/雨愛/cover.jpg"
"In Your Eyes","Rainie Yang/Show Luo","雨愛","./Music/雨愛/Rainie Yang, Show Luo - In Your Eyes.mp3","./Music/雨愛/cover.jpg"
"人類廢品(電視劇《誰在你身邊Who’s By Your Side》片尾曲)","Morrison 馬仕釗","電視劇《誰在你身邊》","./Music/電視劇 (誰在你身邊)/Morrison 馬仕釗 - 人類廢品(電視劇《誰在你身邊Who’s By Your Side》片尾曲).mp3","./Music/電視劇 (誰在你身邊)/cover.jpg"
"JOHNNY,你在哪裡","PA PUN BAND","青春只差兩撇","./Music/青春只差兩撇/PA PUN BAND - JOHNNY,你在哪裡.mp3","./Music/青春只差兩撇/cover.jpg"
"不要管我","PA PUN BAND","青春只差兩撇","./Music/青春只差兩撇/PA PUN BAND - 不要管我.mp3","./Music/青春只差兩撇/cover.jpg"
"天天開心","PA PUN BAND","青春只差兩撇","./Music/青春只差兩撇/PA PUN BAND - 天天開心.mp3","./Music/青春只差兩撇/cover.jpg"
"如果沒有那麼多如果","PA PUN BAND","青春只差兩撇","./Music/青春只差兩撇/PA PUN BAND - 如果沒有那麼多如果.mp3","./Music/青春只差兩撇/cover.jpg"
"媽媽不要擔心","PA PUN BAND","青春只差兩撇","./Music/青春只差兩撇/PA PUN BAND - 媽媽不要擔心.mp3","./Music/青春只差兩撇/cover.jpg"
"想想當初吧","PA PUN BAND","青春只差兩撇","./Music/青春只差兩撇/PA PUN BAND - 想想當初吧.mp3","./Music/青春只差兩撇/cover.jpg"
"抱歉我不想跟你道歉","PA PUN BAND","青春只差兩撇","./Music/青春只差兩撇/PA PUN BAND - 抱歉我不想跟你道歉.mp3","./Music/青春只差兩撇/cover.jpg"
"是不是有病","PA PUN BAND","青春只差兩撇","./Music/青春只差兩撇/PA PUN BAND - 是不是有病.mp3","./Music/青春只差兩撇/cover.jpg"
"絕望城市","PA PUN BAND","青春只差兩撇","./Music/青春只差兩撇/PA PUN BAND - 絕望城市.mp3","./Music/青春只差兩撇/cover.jpg"
"給個機會","PA PUN BAND","青春只差兩撇","./Music/青春只差兩撇/PA PUN BAND - 給個機會.mp3","./Music/青春只差兩撇/cover.jpg"
"衣服越來越緊的時候","PA PUN BAND","青春只差兩撇","./Music/青春只差兩撇/PA PUN BAND - 衣服越來越緊的時候.mp3","./Music/青春只差兩撇/cover.jpg"
"青春只差兩撇","PA PUN BAND","青春只差兩撇","./Music/青春只差兩撇/PA PUN BAND - 青春只差兩撇.mp3","./Music/青春只差兩撇/cover.jpg"
"魚","PA PUN BAND","青春只差兩撇","./Music/青春只差兩撇/PA PUN BAND - 魚.mp3","./Music/青春只差兩撇/cover.jpg"
"百視達","Zooey Wonder","面對明日的勇氣","./Music/面對明日的勇氣/Zooey Wonder - 百視達.mp3","./Music/面對明日的勇氣/cover.jpg"
"面對明日的勇氣","Zooey Wonder","面對明日的勇氣","./Music/面對明日的勇氣/Zooey Wonder - 面對明日的勇氣.mp3","./Music/面對明日的勇氣/cover.jpg"
"Fly Away","F.I.R.","飛兒樂團","./Music/飛兒樂團/F.I.R. - Fly Away.mp3","./Music/飛兒樂團/cover.jpg"
"Intro","F.I.R.","飛兒樂團","./Music/飛兒樂團/F.I.R. - Intro.mp3","./Music/飛兒樂團/cover.jpg"
"Lydia - 鋼琴演奏版","F.I.R.","飛兒樂團","./Music/飛兒樂團/F.I.R. - Lydia - 鋼琴演奏版.mp3","./Music/飛兒樂團/cover.jpg"
"Lydia","F.I.R.","飛兒樂團","./Music/飛兒樂團/F.I.R. - Lydia.mp3","./Music/飛兒樂團/cover.jpg"
"Revolution","F.I.R.","飛兒樂團","./Music/飛兒樂團/F.I.R. - Revolution.mp3","./Music/飛兒樂團/cover.jpg"
"You Make me Want To Fall In Love","F.I.R.","飛兒樂團","./Music/飛兒樂團/F.I.R. - You Make me Want To Fall In Love.mp3","./Music/飛兒樂團/cover.jpg"
"你的微笑","F.I.R.","飛兒樂團","./Music/飛兒樂團/F.I.R. - 你的微笑.mp3","./Music/飛兒樂團/cover.jpg"
"光芒","F.I.R.","飛兒樂團","./Music/飛兒樂團/F.I.R. - 光芒.mp3","./Music/飛兒樂團/cover.jpg"
"塔羅牌","F.I.R.","飛兒樂團","./Music/飛兒樂團/F.I.R. - 塔羅牌.mp3","./Music/飛兒樂團/cover.jpg"
"待續","F.I.R.","飛兒樂團","./Music/飛兒樂團/F.I.R. - 待續.mp3","./Music/飛兒樂團/cover.jpg"
"後樂園","F.I.R.","飛兒樂團","./Music/飛兒樂團/F.I.R. - 後樂園.mp3","./Music/飛兒樂團/cover.jpg"
"我們的愛","F.I.R.","飛兒樂團","./Music/飛兒樂團/F.I.R. - 我們的愛.mp3","./Music/飛兒樂團/cover.jpg"
"流浪者之歌","F.I.R.","飛兒樂團","./Music/飛兒樂團/F.I.R. - 流浪者之歌.mp3","./Music/飛兒樂團/cover.jpg"
"喬克叔叔","Jay Chou","魔杰座","./Music/魔杰座/Jay Chou - 喬克叔叔.mp3","./Music/魔杰座/cover.jpg"
"時光機","Jay Chou","魔杰座","./Music/魔杰座/Jay Chou - 時光機.mp3","./Music/魔杰座/cover.jpg"
"流浪詩人","Jay Chou","魔杰座","./Music/魔杰座/Jay Chou - 流浪詩人.mp3","./Music/魔杰座/cover.jpg"
"稻香","Jay Chou","魔杰座","./Music/魔杰座/Jay Chou - 稻香.mp3","./Music/魔杰座/cover.jpg"
"給我一首歌的時間","Jay Chou","魔杰座","./Music/魔杰座/Jay Chou - 給我一首歌的時間.mp3","./Music/魔杰座/cover.jpg"
"花海","Jay Chou","魔杰座","./Music/魔杰座/Jay Chou - 花海.mp3","./Music/魔杰座/cover.jpg"
"蘭亭序","Jay Chou","魔杰座","./Music/魔杰座/Jay Chou - 蘭亭序.mp3","./Music/魔杰座/cover.jpg"
"蛇舞","Jay Chou","魔杰座","./Music/魔杰座/Jay Chou - 蛇舞.mp3","./Music/魔杰座/cover.jpg"
"說好的幸福呢","Jay Chou","魔杰座","./Music/魔杰座/Jay Chou - 說好的幸福呢.mp3","./Music/魔杰座/cover.jpg"
"魔術先生","Jay Chou","魔杰座","./Music/魔杰座/Jay Chou - 魔術先生.mp3","./Music/魔杰座/cover.jpg"
"龍戰騎士","Jay Chou","魔杰座","./Music/魔杰座/Jay Chou - 龍戰騎士.mp3","./Music/魔杰座/cover.jpg"
"失去妳和我自己","Hormone Boys","黑色台北","./Music/黑色台北/Hormone Boys - 失去妳和我自己.mp3","./Music/黑色台北/cover.jpg"
"橙夜","Hormone Boys","黑色台北","./Music/黑色台北/Hormone Boys - 橙夜.mp3","./Music/黑色台北/cover.jpg"
"紅色的人","Hormone Boys","黑色台北","./Music/黑色台北/Hormone Boys - 紅色的人.mp3","./Music/黑色台北/cover.jpg"
"若已成舟","Hormone Boys","黑色台北","./Music/黑色台北/Hormone Boys - 若已成舟.mp3","./Music/黑色台北/cover.jpg"
"靛藍","Hormone Boys","黑色台北","./Music/黑色台北/Hormone Boys - 靛藍.mp3","./Music/黑色台北/cover.jpg"
"黑色台北","Hormone Boys","黑色台北","./Music/黑色台北/Hormone Boys - 黑色台北.mp3","./Music/黑色台北/cover.jpg"
